idx,c550,omega,eta,dz,p0_blue,p0_green,p0_red,p1_blue,p1_green,p1_red,p2_blue,p2_green,p2_red,p3_blue,p3_green,p3_red,p4_blue,p4_green,p4_red,p5_blue,p5_green,p5_red,p6_blue,p6_green,p6_red,p7_blue,p7_green,p7_red,p8_blue,p8_green,p8_red,p9_blue,p9_green,p9_red,p10_blue,p10_green,p10_red,p11_blue,p11_green,p11_red,p12_blue,p12_green,p12_red,p13_blue,p13_green,p13_red,p14_blue,p14_green,p14_red,p15_blue,p15_green,p15_red,p16_blue,p16_green,p16_red,p17_blue,p17_green,p17_red,p18_blue,p18_green,p18_red,p19_blue,p19_green,p19_red,p20_blue,p20_green,p20_red,p21_blue,p21_green,p21_red,p22_blue,p22_green,p22_red,p23_blue,p23_green,p23_red,p24_blue,p24_green,p24_red,p25_blue,p25_green,p25_red,p26_blue,p26_green,p26_red,p27_blue,p27_green,p27_red,p28_blue,p28_green,p28_red,p29_blue,p29_green,p29_red,p30_blue,p30_green,p30_red,p31_blue,p31_green,p31_red,p32_blue,p32_green,p32_red,p33_blue,p33_green,p33_red,p34_blue,p34_green,p34_red
0,0.48162768754779417,0.6992236270358705,0.3329509918347594,0.663887629447151,0.9340402021699703,0.49379631791726364,0.011619996208530034,0.5479096404126922,0.2489403858631602,0.008261168218323216,2.0914712123679045,0.7089223508821567,0.1132719261817614,0.5106014077177017,0.28725205906018075,0.03062150693097102,0.30412422552152774,0.14365525938360257,0.0014649613594715461,0.7404653591429204,0.2372030571671041,0.04304630356539657,0.8711837662685337,0.396447808785695,0.03407977581503288,0.35176393675933393,0.20074880874321063,0.03758380113495702,1.8757236686472432,0.9172545726317818,0.04874618000850961,0.342037192419581,0.036306141089578296,0.0008227412422355262,0.25460092149269276,0.029075974691986584,0.000514866940489236,0.38458446146634867,0.1377066876687745,0.014920279049820342,0.8790641878525773,0.22373017794638386,5.7770325855336e-06,0.4650839708570796,0.06518028602043527,0.010009775673304949,1.3425327962768208,0.5303714843487912,0.08566784085703696,0.47111518569018646,0.18138324931112276,0.04108990123372182,0.3368302682402567,0.18899946132394388,0.015297217686086124,0.4493864021355562,0.18031077225746597,0.01597641965251785,0.6734089377196151,0.2081647981153545,0.020569722591864067,0.3068409183677563,0.1779239536927308,0.014515806312870725,1.4590431073922292,0.3624684453549619,0.03366334211170183,0.16747294065242452,0.059401207924689024,0.0,0.2604420422600895,0.07777493874410005,0.0031655778051156783,0.10899577654776196,0.15662134995395302,0.00033067930804894113,0.12828747240280036,0.1088521569283555,0.0,0.1597908044898001,0.0410493598076644,0.010961944661463153,0.10153463946481628,0.037136142487294466,0.004195155478116863,0.04469140119541114,0.00889971275186066,0.013528954807003874,0.08579471387746705,0.0439836549617393,0.00010489988560981232,0.13034210681753983,0.07954163037316019,0.0,0.13543485947484507,0.01807484376383355,0.005525832502393638,0.1720896851497797,0.04748443421141493,5.7770325855336e-06,0.034278143803974474,0.009438878504444356,0.007347221502620067,0.05629745535570297,0.0198253984247358,0.013291921708280217,0.05083300684221571,0.02868337584567063,0.02525493544310941
1,0.9015945580725213,0.9588564720187168,0.03294553429856495,1.8132238318868548,2.3056581583008087,0.7279927854576311,0.054827168504657714,1.226272500476215,0.1726522184180992,0.032804657467874705,4.985223512823325,1.9623748023065737,0.2226882039651499,1.2960733861847347,0.474916141834648,0.01880608631839306,1.0588862722809025,0.5668856780954399,0.06984968360428781,1.249113263386245,0.4356957077168241,0.027124387020769584,2.7242419008249885,0.9621933400433698,0.2139093525328961,1.9475766223373028,0.602563217992658,0.061922406755368635,5.238783907568827,2.0386580759672377,0.03902021929301551,0.9289226436023852,0.23622919971970774,0.0,0.559814878684287,0.17422106328149284,3.39607195509324e-05,0.5812270013485666,0.4060083582027606,0.0016696826530096852,2.063010725843773,0.6392957111065367,0.038136576573536723,1.3980503611840476,0.46918271469377815,0.02123458030224809,3.797314399025497,0.9330293869718048,0.1735689456502285,1.1992141055858652,0.3790441138425792,0.12103647161905493,0.6991661812371677,0.3736993746631795,0.04241225821944634,1.0615903255261072,0.3806375899183654,0.07463767367583582,2.1024869431203466,0.7373963933840887,0.13276783242851764,1.2045035127588486,0.32918245052876133,0.10043414843499744,3.4635489138497015,0.7406795535277735,0.15183210848756715,0.685089620771696,0.17505790547882774,0.014542524342035137,0.7711970606048121,0.2738103208005649,0.026445640903743024,0.21554242361969794,0.2268190188708475,4.039970493306903e-05,0.2912376943193543,0.10403802369878688,5.7770325855336e-06,0.30630138423469905,0.1294020939632194,0.03790026169892187,0.4086579612625286,0.12998427829091827,0.0,0.2852630450574764,0.1913975948090529,0.0,0.5470658759069389,0.11002987537957051,0.002719123696632188,0.4241639985881244,0.1563179244953935,0.0,0.23076526890145588,0.21694260072502228,0.03486472047413047,0.4024686978650532,0.11096847838872197,0.03384782538478856,0.24108695657094714,0.04660411517162876,0.0003150825487727448,0.2942170665746212,0.09353370925552662,2.482266919701397e-05,0.0891019960510041,0.10642444228551112,0.0
2,0.6783898495108789,0.9545649641131414,0.8784938305957706,1.9494209771420827,3.0610879003691274,0.9949540325499073,0.07756301837303756,1.2870966442184473,0.5788949676601081,0.0779505270980307,6.203917051484619,2.137356952720748,0.11377389221753528,1.4627808924539032,0.5480341078420419,0.12955599338341453,1.6302902538734627,0.46582824232420134,5.7770325855336e-06,1.6831954722498041,0.42652487322169086,0.08926486358057543,3.2301078250327357,1.2699748422482215,0.03655240493992846,1.61511989869375,0.5799554445226938,0.06539216737063006,6.2167285188131585,2.075140001957672,0.12856756064967478,0.6705638336332407,0.2569559703168296,0.032138210597164076,0.5500968237941809,0.11535620986467161,0.14313600153108405,0.5692360229492255,0.14316820858536142,0.04637712148854538,2.1925373887263335,0.779800314772723,5.2634956863489625e-05,1.2240671905724347,0.3736291625303272,0.06492008241762852,3.2708116989229836,0.9929817672888654,0.13895233073392999,1.1719046585902575,0.41200275751214765,0.04623553097749814,1.2608855087687894,0.45984734107891684,0.08457994712041267,1.2702105850902952,0.34389118503929816,0.06323009132741411,2.323627171810956,0.6478466471435009,0.16357623824181244,1.487012706874084,0.4206598969108682,0.036618884760918895,3.432323685687086,1.2980232945905987,0.08108317122173331,0.793318933450832,0.20872122096710333,0.03441877236774419,0.6228664199150133,0.23959706142330917,0.0544596793643307,0.39311041344859227,0.11411152446263247,0.026896803913003847,0.3657776564203215,0.2065590137213878,0.022880140427201483,0.41933811583826763,0.17249397742296185,0.024587917765791736,0.5815787843804112,0.16084082246212894,0.035346713183042,0.35765120822966057,0.2971887116189712,0.00394621041940988,0.3569814777316691,0.11758298806964372,0.04915416516707031,0.45295168922228995,0.2569939117819945,0.1257052625271481,0.47137187115141294,0.25513510497096964,0.0575158166128735,0.4501448164118461,0.10455890828358165,0.025620129346200365,0.4083878094310497,0.12742135219266576,0.05835248826203843,0.2702410711030177,0.12980470639593344,0.027852157640989535,0.3193549179958177,0.2349920000313363,0.019525833743032267
3,0.26806002664989126,0.7211448447168219,0.09033909869977746,0.0517328543551937,1.7410478041127686,0.5342920331342819,0.015217565075446093,1.1077662161082806,0.4287188582583524,0.01326969985494196,2.964516622602785,0.660565379923815,0.0690364839441323,1.1131117948321472,0.3690015652224066,0.03732489549394934,1.0438337087827896,0.24646137386283493,0.0005717231665462841,1.459765373229066,0.4505749906395662,0.002165105344811834,1.5387856281603456,0.34562413678265375,0.011204805074200928,0.8423774878932174,0.2441861450431323,0.0005987055706817349,3.043354954487133,0.6355840432357283,0.15993991647823272,0.6412886252636425,0.11265654166652445,0.035242245158096396,0.41606971508155255,0.057611022285748055,0.021786813376528366,0.7844460977790165,0.22252684279659113,0.013047463519554329,1.3302999701923122,0.43510102166929165,0.09022413386319955,0.81556460125474,0.1398708681189445,0.026868143131033296,1.886258139721464,0.8575385223995645,0.09967944186192171,1.0016148611859137,0.3060474664653434,0.0029493795822082554,0.6829937593391773,0.2848283517597797,0.023670809972893784,1.019218066462206,0.2772791644141708,0.05182741369657196,1.3273866898804945,0.3985012146800223,0.043854620342578345,0.7320319136696309,0.4220084461490812,0.0022464482069280093,2.1046651761257484,0.7087657628681712,0.09767840813559243,0.3733960171749715,0.22521590480405326,0.0,0.6034503946054823,0.12664670555708002,1.6419608622649227e-05,0.49996803572325543,0.2249785668561163,0.007789384445449033,0.3936693909563463,0.18315473826189838,0.003458198113255019,0.4303528741762404,0.12085257686898149,5.7770325855336e-06,0.3175482008424136,0.23842266646735744,0.006823900150087109,0.3396011799738692,0.18425301439016292,0.005464100803415324,0.3890860599456943,0.09017639725074217,0.0015946349749042705,0.29197621026821585,0.061162559400985084,0.018867869407614923,0.3107679129845037,0.07082413482104685,0.0012485498067576295,0.5005490383688023,0.14886182262604872,0.03693173243504937,0.15173343647943238,0.1297515915693046,7.815293120428648e-05,0.2817605201803386,0.10005272330123965,0.0,0.1566818960000152,0.03360744690467592,0.0001672507029042632
4,0.7626930699102334,0.6850692464235932,-1.0378308258590423,-0.9988774735984137,0.2037056406812128,0.05678490580074872,0.0035616807329781736,0.07243974161199997,0.027846685390090928,0.0,0.700724892698765,0.15526998543925924,3.108497735571707e-05,0.15886946533759946,0.03090288580558302,0.0009438003093380085,0.09208518333950896,0.026241851313604153,0.00029089586952821945,0.38734045252215377,0.06019055150698956,0.019559879249284075,0.3112876603717034,0.03368800265772513,0.004158678234260192,0.19214475741092993,0.025636353048127232,5.903552133619224e-05,0.756697683499328,0.12555479898289318,0.017492287285931173,0.13008964100024564,0.03798549888290585,0.005645166551442742,0.06654314215004285,0.024235229240517752,0.000252557215963807,0.19440423636199128,0.06267827647498332,0.0,0.23036802124097888,0.035382765405312606,0.0,0.13929316160318383,0.015478925465726674,0.0,0.4614235575182709,0.1843889874187986,5.7770325855336e-06,0.12334343803827465,0.06739671284974719,0.0003108716672532507,0.07857346370787116,0.015629665734424654,0.000882776890413393,0.315928238665926,0.07392032701391338,0.002396601870235206,0.23399328347134637,0.09225953963500938,0.010949960462501454,0.10491528680148787,0.08415425962521755,0.005220421378149876,0.659873454398199,0.08711341332198458,0.024803634092553265,0.08881734249979828,0.0145164545312799,8.234082334515353e-05,0.1700909927701033,0.014745575934379635,0.0012872801243402141,0.09828239927268607,0.03118314469248913,5.7770325855336e-06,0.0590370061017957,0.00718845312214275,0.0,0.06449942584491833,0.005950528656818121,4.4443878375155815e-05,0.05895677847477161,0.014677278172287967,0.0,0.04325709149093751,0.016701236127143283,0.0,0.044725456108936155,0.018351193284490495,0.0,0.0746007708329365,0.049512212998875434,0.000653635633031875,0.04345851065542391,0.008393750027482338,0.00038240397017174396,0.11096875887529226,0.01208073412669881,0.0,0.026884580253332103,0.0026622217456965564,2.4535109123004267e-05,0.015448301935100944,0.0015709738153017305,0.0,0.03273068434436308,0.018959123540173407,1.891545284616772e-05
5,0.4415220990839004,0.8591510162401232,0.32871075002594385,0.3253191869085039,1.5716954544510466,0.7592820947733384,0.057879891824367945,0.7152180549930409,0.5638871903110922,0.030443833674601916,2.773564311826505,0.8302339618468823,0.13617365546676577,1.046245284546819,0.35671218387980863,0.03622879087596288,0.9749946157870653,0.12023490428198741,0.0009728364896735693,1.2985332403059844,0.41154111085580947,0.07410061959028474,1.709952297377971,0.6722747421303641,0.0018347964009726762,0.9589464054185206,0.2956923107754318,0.004440266904311638,3.0640174770539943,1.0940325531623234,0.061107024126214785,0.7111018711399415,0.16411572843155803,0.026745770889236752,0.5442693992248916,0.1308505363321603,0.02660657125815085,0.7481194717589343,0.30080287568696573,0.018582604530104824,1.7227582897811138,0.35002855391885723,0.034171793653189036,0.795459595331416,0.17243439719414377,0.028062624980544362,2.46380273962907,0.944108463272911,0.08633958787210086,1.0390070552373887,0.3309005690907657,0.08339348432505322,0.7075041279963198,0.42727673953837714,0.11012744482544645,1.098917500132406,0.3545754120890678,0.10064730335533939,1.22011895839361,0.6162385884822412,0.0029348530529479597,0.6038316478658563,0.31680612195101443,0.06001112938814179,1.8413868251661976,1.0017260360053353,0.035118666980471315,0.5524213650706051,0.13075586203404688,1.15540651710672e-05,0.5608451523092454,0.14339505983598128,0.023943057802739393,0.32883435041126546,0.17434331534853115,0.05964365585290149,0.31256396138002557,0.1379140729642343,0.03766419833595054,0.33121219234136773,0.10325679548901487,5.7770325855336e-06,0.40237271569765154,0.07973155616767182,0.0,0.2876222773550692,0.09506139567805469,0.02552615513795166,0.22327324062219436,0.14901267695354378,0.0005945376748807894,0.2346694855257953,0.04575914773357977,0.0001458798163098761,0.402412569698422,0.18003768406234255,0.048995718572179575,0.5507985569235037,0.26733786147198735,0.01144182346370319,0.16895123879255755,0.06296799499765711,0.02417779343623178,0.21725782330642412,0.11107033188600163,0.01943865517401679,0.2476618056234598,0.04367675347653846,0.014845527162917295
6,1.150860268851471,0.8712386959933565,0.13148020033696045,0.2019433059301895,0.4042542986624772,0.16153718752187093,0.036418458816249194,0.2090238333790149,0.046861590243235746,0.007978772901598994,1.1989782165160625,0.5128985702385274,0.054927882775022016,0.38670568153649587,0.11060637868020333,0.012297688213972605,0.12755616554226534,0.07186162521951528,0.00933464466731789,0.4571918857741354,0.2986414764066194,0.0073018662204434506,0.456962801552744,0.10967940470894003,0.0,0.26112144097486445,0.0710865952681507,0.004275038177703754,1.2397570085660903,0.5290256079848356,0.04316116503683853,0.16007328843766003,0.009647685045365763,5.7770325855336e-06,0.0801683985593908,0.02204413121355024,0.0,0.28185398309591314,0.07788018377290257,0.0,0.3453788436972211,0.09878268800368332,0.021607341099281654,0.170004397537595,0.032648721251423186,3.710834047272285e-05,1.2611455189250314,0.1995484243286003,0.07201982008230359,0.1876425404621753,0.04574380506875175,0.013753878334198484,0.1032605410712011,0.04708664165822972,0.022783540067127992,0.29049653518452706,0.15637285433295914,0.034072019809375714,0.4792390104579636,0.11517095741369336,0.02744322527956595,0.2949680801743257,0.03426594838196039,0.007027379372143003,1.1037689012629237,0.2954461788521123,0.07449914151740057,0.16871958073320648,0.0749779318733636,5.7770325855336e-06,0.16270159441674145,0.028099903297291385,0.03947942650097177,0.06443353416203203,0.022051893360562905,0.0,0.04539556931344514,0.009028272506735375,0.0,0.1096859007027908,0.008782681262192442,0.023600903257420362,0.045864687942689344,0.006679648687853267,0.0038920905491308354,0.073887138152658,0.004900714669610359,0.0,0.07987047054667856,0.03373855966045803,0.0,0.13515450038687288,0.09768633121570823,0.0067066237055242155,0.06982017911807206,0.03563769610378363,0.0,0.1150869667168447,0.03988898390395568,0.0,0.029617871132777886,0.006640373159433097,0.0015940141738254453,0.02759326858789469,0.016470864038029245,0.0,0.04239453725942768,0.014724531209280823,0.0
7,0.7319278557766198,0.7451030169274964,0.8443933305235628,1.3989608447475006,0.6224530483747446,0.35550847789801737,0.009714129189726386,0.2545428336962525,0.25544033306413744,0.01171936689653311,1.913063238341239,0.6653162352818494,0.12650145660409715,0.36164319556892643,0.12892457301529034,0.01756638686843114,0.10523423591671574,0.03577759317161911,0.0037309389900558095,0.47283516548616433,0.12174020984958257,0.01063502173668597,0.8304301389276213,0.28936126538511137,0.038766915394765414,0.4355749670919518,0.12757243011058952,0.04038435782132765,2.5001073124015156,0.7547311467948772,0.0752599560086873,0.1392680887821586,0.08166559342131,0.0,0.054811372228903005,0.022092928793901418,0.015184385581279807,0.2484130514375234,0.09405250622039363,0.0007262219593175067,0.5429597798635508,0.28187478137644933,0.02292070257113671,0.33306445913626914,0.06259640059577279,0.03692465029617912,1.1520162303732548,0.4325738101483769,0.03501645845355746,0.21279723149256244,0.10908085264387307,0.0075734507267757835,0.17137368662547564,0.09283766240728304,0.007070142808101269,0.2593981797105841,0.06980309497975466,0.02209853055810402,0.4155913160639174,0.24808890831821132,0.06846397745172898,0.22490587948084775,0.07035175550840414,0.044036894026553246,1.238450349587768,0.5649734007717846,0.09059174818307343,0.1267109489812245,0.04817822355868122,0.0003520032598525956,0.20433859950988206,0.06765113371640613,0.0,0.07355114014049194,0.03243470309093527,2.1821694225500183e-05,0.04894335611590779,0.038681693415306,0.0,0.10880995934455062,0.0015678953996871804,0.0,0.03986343513046263,0.021910843830078297,0.000842702991000931,0.04044117837363179,0.02066317440881663,0.0004926390069098685,0.042681143611067535,0.02936115140145265,0.0003156173973720308,0.04639890547374946,0.03468874309441595,1.15540651710672e-05,0.03122095710625266,0.03734803706703134,0.012911670559207363,0.06347499362392889,0.08586939723134794,1.3349937919933633e-05,0.009974028242069001,0.018622657648286706,0.00029894821208552704,0.005089544503591784,0.0022942891890485404,0.0,0.03824512043647145,0.013903032673694098,0.008356192392498848
8,0.8165677976521222,0.8776431050117928,0.005292198875848864,1.4511690603785758,1.4892411380163064,0.6140706860143517,0.053803277082975914,0.7235149804604055,0.2748139999455932,0.03208598407643906,3.5981183871284212,0.9305841867260969,0.0777068264696271,0.6909075548443168,0.22015701748337826,0.06633339195341727,0.5455506753341759,0.1262069590845115,0.017081344394977972,0.7435622601916283,0.3398131296207362,0.07535277381667113,1.4120393675514709,0.3567779020128533,0.01559372695260579,0.6461917447526968,0.22186828054630928,0.04232725177747317,3.30487215877831,1.3984220144874762,0.12017790519574617,0.4158699161460309,0.06044555252327627,0.019497335668188984,0.2883838891007581,0.13906302850065833,0.0,0.5600741831691703,0.0896750686479189,0.0,1.347092335910404,0.3234154868335679,0.018629954291327955,0.6837524844925098,0.21362104584230834,0.023672585523614766,2.3651146976869697,0.6198907619814747,0.036123740183829064,0.5467522676502804,0.10347468812136718,0.0,0.5167232800732401,0.15042258531295494,0.014826597128032177,0.6678067073518841,0.1852729388138804,0.013369782342739165,1.0840655590257295,0.5312469961183197,0.010239381875902438,0.55061532743195,0.2871933416429211,0.05720965903161902,2.3803822065838194,0.790015377003613,0.123040997243935,0.36646409658291323,0.04667838321233299,0.03655670175378897,0.3370782640539036,0.10707827626883087,0.01264704834475881,0.2867090861655107,0.10453658469454835,0.004110264742915359,0.144085933655772,0.09781988370466822,0.03126796165150953,0.16277288668149306,0.09367963931483728,0.012513348363500916,0.21696513472166046,0.12326008178207852,0.010152066021750478,0.1705209010684372,0.06237738867622341,0.014522093140345948,0.1903445440884507,0.07987497773067084,5.7770325855336e-06,0.2668746859977338,0.11374302605225059,2.0401811315255043e-05,0.2657929189948369,0.04472515068623307,0.0031971171483158,0.2967657126639172,0.03349832763027287,0.018029629463509677,0.15363147173944786,0.017331222246456827,0.0,0.07160378844032426,0.013153613347955688,0.0,0.14925420792948207,0.0010879774125801091,5.7770325855336e-06
9,0.43944966960637877,0.8597619218849111,1.6612075070506647,-0.18089756413118663,1.3696258678392366,0.6123270798156668,0.06220856673190862,0.7141437673951693,0.37662124610265346,0.02793247280681971,1.8113912645900938,0.7721630746247485,0.09933075003750931,0.514772155638787,0.3147764146498645,0.06797750464522107,0.594019920546985,0.198651570983871,0.02387679158143786,0.984731699597837,0.32241413488598325,0.009381023287280025,1.20645991183824,0.49729183091694074,0.0783949294330083,0.5595745309718793,0.38992727846223685,0.13805012122180332,2.4279143256368227,0.7813538485873962,0.106753684575582,0.5287516990667249,0.21899207234848284,0.12182050563399177,0.3199920292615947,0.15096127048459693,0.037903921801282006,0.6560123733920235,0.2655460957452508,0.0017194051063947335,0.7542974824809573,0.3521293339451783,0.049716728401505546,0.7374896932397068,0.31896608196016774,0.025043118789074274,1.211425903209389,0.7843163707321043,0.011314642461040076,0.8710437021799071,0.39132320174156726,0.05540892727199676,0.5178436843175982,0.16786619260881064,0.026882236081836878,0.8765387051534537,0.4743727176856652,0.03756303565921283,0.8668722477501133,0.35340765231441196,0.02095500469944442,0.6498661689293227,0.2208406791346137,0.07166347268979249,1.8057841713893148,0.46768030198837923,0.06660915685740582,0.4138453174760744,0.12035095385721387,0.000634037398377293,0.39380246481393977,0.16505229489917247,0.0008467879460428477,0.18238493467005784,0.14976791421234817,0.0309384257328771,0.25907842455792357,0.11540251597363141,0.0001740080030025592,0.2653532374638345,0.03913682155346914,0.0018749095877259288,0.38189662838657995,0.049538821507403186,0.016605773881276903,0.24804560497792635,0.07971364021707844,0.018340994690406603,0.26184267302245257,0.07697990208217703,0.03615219475853116,0.36373490288740173,0.10662562920095861,0.01819592887026669,0.23942551424888736,0.16187849543968336,0.038586194281962444,0.2315748974350112,0.17096604972229826,0.026575828847994903,0.17454501383134846,0.052761818608593115,0.0010884215621940743,0.1607348283239987,0.06377353070541858,0.005311490336170468,0.1252642847663594,0.06809143973021091,4.517299944761934e-05
10,0.48956892016319825,0.8455314990865588,-0.34678991910304685,-0.04471878245217453,1.5053385536812192,0.4475051944301779,0.05589283275151435,0.9157517298243358,0.31846369683945774,0.051443666395230486,2.4943348071018985,0.7471993788343595,0.08935480525174655,0.8883027331820847,0.2391053691366814,0.010572982170481162,0.6458068451148421,0.29725709747045476,0.022665631969046522,1.1278830497584817,0.30700138454957904,0.012504220059729182,1.4249813181606648,0.48028895120619725,0.1046739723715448,0.8280307013663084,0.18920816016404599,0.033772222157774784,2.43028156892903,0.855778989593611,0.02701587989797692,0.5119841622015396,0.2132177004569415,0.03533613994774108,0.2775498589478709,0.035117339265989936,0.013837247870808728,0.8765215995810085,0.2237073416320078,0.050288430299583825,1.1276122715053762,0.35644768324877263,0.02982562863579891,0.49087387530826204,0.09010345631518335,5.7770325855336e-06,2.0914683271034598,0.6192931588451107,0.08087278798081758,1.0585973074090609,0.26801726255100355,0.0002259610990318239,0.8055212503891133,0.264437187629042,0.048342189235147714,1.2839204925577496,0.47343480682215716,0.022837663459564193,0.9492471687941528,0.4051620886795559,0.03201745533741114,0.6457036883995628,0.12670585311025653,0.008436299488684797,1.6634925614433649,0.6467470043829094,0.12037713326310068,0.5469022896435785,0.09432528074232704,0.031962123330415045,0.4314040907814377,0.13091737110032248,0.021308243740277635,0.3126980606190382,0.1646765735595837,0.0006770312176206732,0.3003991113966163,0.1270087699014224,0.001983208346082841,0.22221038621722738,0.10647786321522736,0.00598179650278625,0.5020315127437495,0.10247781910706527,0.022425790095338273,0.19954591085435802,0.05569102392945018,0.0028492969470219334,0.3492352432628296,0.10319602842288063,0.0001234525837647035,0.4325644101869573,0.16797566792765056,0.015534947374457396,0.3378707060166964,0.0871067696359571,0.0,0.3801647289495814,0.06632639435122585,0.0093779707222904,0.1999882606396235,0.04419689306012419,1.4798284446957241e-05,0.1713798402996889,0.061251380664615676,0.017927946727093788,0.11625750055871398,0.0773971543948226,7.796591206472132e-05
11,0.7995075185373921,0.9486926405715546,-0.38957170673954605,1.9598755586000116,3.221705593479795,1.0469912532589163,0.08387229862008627,1.2402374440934703,0.580421478862844,0.02346722230353722,5.280009653797183,2.071005299771376,0.18364480310377596,1.6791156793071291,0.5832491924022168,0.02663976566636815,1.460960616322378,0.3167684638009492,0.0650944054573022,1.4011794430677165,0.528362835648718,0.07085088724197078,2.839948393353896,0.8499384408840507,0.07468606193801194,1.719503450078625,0.5841282196299233,0.0940215967383209,5.85746373523491,2.344902534807133,0.18152961321791744,0.8185146497937269,0.22689076995583587,0.05523468270155678,0.6933690578489909,0.2869076438268046,0.014063809729303113,0.7745726679652409,0.15294824152044528,0.0503428377709448,2.328885947292332,0.498120876437262,0.00038030697603820877,1.471784502017904,0.47555538014901255,2.170413584568695e-05,3.8444117481471505,1.1387523969568885,0.03989267115381939,1.1488430765343909,0.39647668412862425,0.02070115963291665,1.1000065401615748,0.21228206904092034,0.03729414904035652,1.0994179165146603,0.3988132293646358,0.03178722787579611,2.7598222938517756,0.5204033690067799,0.027626518386559794,1.5608775021645491,0.3639775615229407,0.05327574201591568,3.600161726696313,0.6498295322388253,0.2674244749632078,0.5753658298694169,0.26816580429957465,0.03769259391425489,0.6930894127143281,0.26649622301374754,0.0,0.5690800461683652,0.14722773973725833,0.047575027478907614,0.37526940113200924,0.07850526962779172,0.004694847844579485,0.35066217099782226,0.2051599606120441,0.00011691679117881019,0.48828507448268954,0.14736147838130562,0.0,0.5109643689901306,0.12860750181396755,0.014191599648733247,0.6468970493593731,0.1132092633232066,6.914408308307125e-05,0.6019685657660738,0.17161672495914831,0.007934508939646406,0.5787993178415397,0.16128161515291384,0.0,0.6229496756397854,0.1708090264920616,0.0,0.24856816970874634,0.08214953149584639,0.02928642268814965,0.16845795071010813,0.10030128534614224,0.0,0.3649763812582014,0.04853216833142738,0.014361983812857956
12,0.7168291017132634,0.741405914788399,-0.8245057237947535,1.4541916085000106,1.3824961900627475,0.2799955423247778,0.003977716487226649,0.57806795701553,0.15320743277737164,0.016648707098987647,3.410845029323615,0.752414250747648,0.05056140843528047,0.44092874571292595,0.15869664847190176,0.0027639719155544153,0.3433641628791734,0.11803757673963705,0.009754040628314366,0.6846568806034059,0.20609645443201774,0.05855676484210517,1.4503920233949539,0.3436713521925874,0.019049879736383,0.35525152814600847,0.14597847640122452,0.0,3.268594678766722,1.0247673236621688,0.09040565707797717,0.28724227574864125,0.048182224198913076,0.0,0.17922952021194088,0.0731508065670517,0.0,0.28314186045955186,0.07957818184865911,0.01879271629426516,1.072869232839289,0.16986449056006464,0.024680361006103227,0.5610540098254932,0.05287435407188398,0.007657187098338022,1.645346883608599,0.4601867462473074,0.005580711623824659,0.38968953957468383,0.10175185484919724,0.006554395731219719,0.23548447773950693,0.09199571829372395,0.03552491130138584,0.5634816933503545,0.14328065273711862,0.0006853937861625825,1.0001347183539178,0.241138066253562,0.0005369039741122613,0.3982770574702588,0.10317432368644405,0.00011648179835958607,1.703784296685575,0.5632656286187524,0.04442147962251296,0.17404100295246666,0.08068810889846499,0.0,0.21413787992786298,0.07404042502962947,0.0,0.14683227763466772,0.015142504516395722,0.006884642438862125,0.15065537147618682,0.07872423426867886,0.0035442897385068086,0.13138895777507137,0.013776586950533359,0.0,0.08938176607558379,0.013911219402725135,0.008961071935392816,0.09966295443093609,0.03919957025617831,0.01578213933478721,0.14715739010023401,0.03890967856746188,0.007463895118573415,0.14462397392720258,0.032913464491904756,0.0002113303933725572,0.11393444325501331,0.021009685735563197,2.781017601496086e-05,0.16357048502610044,0.018063219261439136,0.007165766803710972,0.06205745679344911,0.01297150840609896,0.0,0.054261196498946083,0.008225350094402928,0.0,0.05893312804171387,0.011117679884803387,0.0004800313604117531
13,0.6711017529073763,0.6428186875262472,0.7457954347914297,1.5954714380061188,0.5872061929054521,0.28095739516387686,0.008053580204163475,0.1791903910320804,0.09816382015878347,0.009582981996126632,2.1724225600412845,0.7137914909814889,0.05312406718527382,0.17684997563496765,0.1696028059905082,0.013479368626858562,0.08095288461614529,0.05661342305872172,0.0,0.3135442384036933,0.1393526626510914,0.03618937124348372,0.531783474381238,0.17975662080625837,0.01271298543655738,0.2133788572272099,0.054899023480657436,0.021825552216996957,1.8865025784054168,0.7812448484302779,0.16789662044186776,0.11000990382337686,0.04388990564043074,0.00018373670068221317,0.053009142278752516,0.015277550212641513,0.0,0.14260147070974744,0.02524081097022282,0.005727463511223878,0.39040941964629317,0.18571643320379996,0.05004695142544231,0.1244672246935528,0.06545797397537823,0.0,0.9478219371089697,0.4710411839457942,0.09865421007368698,0.09256639443651725,0.10071029082496998,0.02825887619909127,0.08159264859712109,0.12826660300489645,0.001107771119822501,0.19215006821189828,0.07624478545575646,0.001056568655615796,0.48668125412686725,0.1796512034775549,0.009154133380479,0.15536770734424754,0.04756336360955703,0.009516828247420362,0.8747045498717545,0.4578633020028018,0.07811436818162017,0.08025774893825714,0.018577165472596417,0.0,0.11898858759784654,0.0645979226598906,0.007922598822060046,0.041733131403483656,0.044258417648858545,0.006768025994604086,0.030103758209696813,0.0679272929977546,0.0,0.051048984048139526,0.0034849622107600946,0.00799168618051783,0.012481948158914912,0.008557360689474065,0.0,0.0359125433465057,0.022843709394850184,0.0023130075792503735,0.046618301758310846,0.021547087457668437,0.00026262012088348234,0.07013042733809521,0.016019168310193874,0.009928754541712524,0.052878238350603166,0.0025170127590231363,0.000472810201018977,0.031092735471605994,0.04394811431318939,0.006216040715830779,0.0273151551756318,0.00656924022868438,0.0,0.008382771065685777,0.007703377000798212,5.9090707066567546e-05,0.02688345870833942,0.010440748305285729,0.0
14,0.6007046517475411,0.7319972763735084,0.44421388184061783,1.30842767461716,1.0023146517190251,0.470946462232379,0.0410422283777182,0.43094009361796154,0.09135353591827548,0.002092806975143502,2.3964355431620605,0.9922364697476025,0.08733356106499648,0.426653453952118,0.1638794584546966,0.01585618267436995,0.3461994550372882,0.04430234060734175,0.027472478346541665,0.7335338483982367,0.2783998219892588,0.02932396860894004,0.8980029808665014,0.44709952942201403,0.04708987303686687,0.382311966573599,0.22415885236706348,0.05611284974294432,2.495078655651154,1.2439111518057,0.17627147263154988,0.2324570201738095,0.03528708756921038,0.0222272332478124,0.14555261903851774,0.07260439655634623,0.026520444364805846,0.29538653145199734,0.14881681941535596,0.0010223761369787983,0.8696613875152959,0.230474442596527,0.002599593760985612,0.5154836976612961,0.11348952867001072,0.0162449170285603,1.2048964205212733,0.5347722750969099,0.028882649330619375,0.41420028741087617,0.27531443895817603,0.02009032720954165,0.28681236443206326,0.17651686541486483,0.003873721063130539,0.5269467004277788,0.14495554626191962,0.015112113972257419,0.7204442686138585,0.24616975770536736,0.057432860383309775,0.3407891103297077,0.16253908945069967,0.05066203956406907,1.367517097417316,0.4897375444496144,0.02084510201305947,0.10793487677701846,0.061472339581345674,0.0006638017144288554,0.2992960010936816,0.05460936171410184,0.00035914105708464376,0.10553126658538901,0.0380386506213819,0.0018509904669186852,0.04491123946388525,0.09463526943746811,0.0007534230431459194,0.15498010748341623,0.00924699870781932,0.01023784697294886,0.13913690129499065,0.03405205001875091,0.0,0.09003507330967683,0.026937337799458304,0.007861235381724011,0.08464443071738754,0.04606234414771988,0.011766546716147474,0.10641892078436013,0.08506837536000977,0.0011016252235794902,0.08173260167938116,0.048944391026568584,0.0,0.05871237859749243,0.05486264432056714,0.007171832816981215,0.06212422843636341,0.01802082597391061,6.119388142488944e-05,0.040998704008985476,0.01340856245771378,0.0,0.08049723669746002,0.0012511600589381942,2.637775486519383e-06
15,0.6057750940720877,0.765314036534809,1.9837839857160373,1.1536229590517522,0.6776182644565781,0.358349636573826,0.07408709914871721,0.2357381491738341,0.14453338631617946,0.030290681476292176,1.69400707760811,0.77300699271875,0.18106772002035262,0.3282739343355286,0.21097865174877087,0.0039585846670485226,0.24678112069337305,0.08208282694312669,0.0017500741066074927,0.49960833190470527,0.2319199344159431,0.0543059793865315,0.7695480302421179,0.29572526339240623,0.028609258184233387,0.2759750759411162,0.17152364733922537,0.0346675068992041,2.1784882226926463,0.650773181045578,0.16872142473684432,0.17399314502536586,0.12635518520494246,4.004149914001521e-05,0.09179580737654439,0.10084576337195521,0.030549320889962272,0.22816942013869573,0.10351156973424476,0.02148120930898616,0.5740744864983327,0.2452538181959365,0.033513162124126444,0.1365552144194881,0.07296399394357177,0.03579070370192891,1.1605599168110536,0.6319126056724153,0.07489604687397236,0.23010695275565948,0.18958850143184847,0.04712402359966589,0.1276274230805545,0.15014637491386398,0.025500289295963978,0.327880883278638,0.11316482110528174,0.009514008081312638,0.6092884090084689,0.35213274971322206,0.07762788591674011,0.19392146886712636,0.16746459732105207,0.051788148123827496,1.0235519545267515,0.3861558375673735,0.05985882239616322,0.12359193727401072,0.08987880973200754,0.0028373546685686074,0.1079308716680415,0.07164509693038514,0.017963119199185803,0.060982931172542304,0.048785749741030414,0.017414114670951178,0.09728354481258325,0.11596921438102983,0.018695389145586324,0.05941944194849019,0.06817775077763963,3.921459915823261e-05,0.07701939592937818,0.032381805752186,5.7770325855336e-06,0.03851676640804924,0.029275035093963838,0.01943260897413848,0.08161978705509207,0.03063105870199742,0.003655227970051073,0.07263320150956382,0.03039479886083339,0.014266826517446821,0.045236634763117095,0.03190777539869692,0.0,0.07926526327981763,0.06513225949197798,5.748390572486073e-05,0.015447244523031957,0.012920936262978137,0.0007008535239253392,0.02591013221716582,0.018686504975143677,0.00011100448265524621,0.025285387200248394,0.009902407198469576,0.0021855110004050287
16,0.2701445271198427,0.7238708454652586,1.6269142513178347,0.6284287605926764,1.4991140609712654,0.5866075503855848,0.09053384110610596,0.8085548953466574,0.42235746451884837,0.03838356621837486,2.9091710131069903,0.9318462126058267,0.19498740110844817,0.7843979864066285,0.29160933715573756,0.038644472451179114,0.7604993409710795,0.2702042867458967,0.10142471428041569,1.2303694551222546,0.5502854112186855,0.08344179902267859,1.5619935189611103,0.5329427798465364,0.12720302487399945,0.8277044856522553,0.3525080338334027,0.045386686638946495,3.348051482705512,0.9847131591343132,0.17471273183365923,0.49133347898709673,0.16601712329991655,0.041233283258433756,0.44984716168842637,0.06307888765724015,0.031142202019286934,0.42325006650555896,0.34686585531011865,0.025146390303024294,1.2155574316501832,0.7668880598023464,0.031553751800028756,0.6695074688644091,0.5588296951745734,0.051039611767448784,1.8436086217857155,1.0020625149658697,0.1591547557641073,0.8647433745804692,0.6031472452853486,0.007668347708082671,0.6729019350573856,0.3517567774125741,0.011728813242213802,0.8360084232394633,0.29678782412397836,0.027858215289771223,1.0064057722672315,0.4409325763302987,0.0034993745679509462,0.6267386410649465,0.2194299029703005,0.025753415018473294,1.9485532124477418,0.7886911708919858,0.11272675762830675,0.40937684557442533,0.142600481508427,0.0046056728940002435,0.49394126955423157,0.20150680921680286,0.013509027675073263,0.25553551022166865,0.13755536260950352,0.0029781924642385727,0.16879987944218125,0.1993320259931999,0.0,0.29035320610869475,0.07897321774231421,0.022346815159570797,0.32891955600140527,0.14976401355181237,0.010656168509329938,0.18975746767754118,0.12200542992450109,0.039822691886765474,0.24330540871515255,0.09906054670509118,0.012810338186594826,0.2948987151132233,0.12476757833018776,3.981877328627012e-05,0.39379899509689376,0.20969204231864458,0.03793868061715066,0.3248915654590084,0.10911386164914258,0.001789506138738525,0.10851201828740893,0.11700598798921938,0.009909651625858057,0.07306788103619641,0.0855318638238825,0.0008943244964937587,0.11819833169833735,0.04710132486472697,0.027207493448114184
17,0.48994206491538783,0.7722423812720289,-0.26787106119004983,1.1981359561199894,2.172434755742683,0.43858807062107086,0.056317888459316096,1.194715405355807,0.21942817640774148,5.7770325855336e-06,3.784034146702978,0.9730243466108938,0.09987379003057006,0.8650560640055291,0.2795601752376503,0.027526506999889868,0.7192370258538022,0.14844797233467588,0.051184583505732344,1.0033927336215158,0.3582571065782591,0.07043837685768614,1.6827749911086871,0.6194183986758175,0.12149789308464046,0.59867490217727,0.3275803465261844,0.025032330099848846,3.6779563865702154,1.3045640809598933,0.14116392775793488,0.5588613932171196,0.13936257011361794,0.009774245621948072,0.4969026021563415,0.0827383011553389,0.006996148173189286,0.46083008991439955,0.09236200520949028,0.0,1.5316386870205334,0.42946123665171854,0.12532273184892265,0.787043548043198,0.2809443008655159,0.0620860644271188,2.3414625074933655,0.8318876657573409,0.06736705853895435,0.8757764203529605,0.1283692846422596,0.018431154531565554,0.6828229149693448,0.20342352737425298,0.008200815167753568,0.7477072663049043,0.3496211503010915,0.014826945755219383,1.5474477174994095,0.4411821845792213,0.029680262710424486,0.7782329970115933,0.1495126245800642,0.0,2.328063709294341,0.6322660752826605,0.0288394490749463,0.27051512868815475,0.04794446343191308,0.0013595258983283192,0.4632828234714101,0.09215770238510548,0.010718856207112907,0.19315638906659535,0.08230426119971505,2.1011981387632126e-05,0.20201414656647232,0.15867684141811544,2.2003375127562184e-05,0.16830584669025028,0.04557678180269391,0.01983546031502425,0.19167964027666357,0.07471871352516332,0.00022089877959005435,0.15489456400317617,0.0959312814469364,0.004871425493014248,0.20963026074653676,0.046921015880610456,0.010525890101750108,0.24058181980139193,0.12597276759745987,0.051929642015071595,0.2376703625810327,0.1355141302837838,0.007526211912214498,0.1754195199777584,0.030566562060671286,0.005297803640468006,0.07258552606518207,0.05428960056423912,6.616699418221806e-06,0.08898581479804817,0.04359600041047737,0.021185983185360472,0.0934815361354046,0.008578753096402868,0.000515395725139929
18,1.2515285064831183,0.8119679416772713,-0.9843139974416251,0.940177714444767,0.47451557324683385,0.12104783959397114,0.016879296975348096,0.2213262587256172,0.06614846962394538,0.013433481285914156,1.716239360611709,0.5766730250129113,0.07593162160210784,0.3015100522064894,0.061712570634354334,0.0028878756483508004,0.15621563660353327,0.02201828937167212,0.003528979572468017,0.3563493006041456,0.11328603244000594,0.0023983718095158717,0.5478707537502997,0.18609222247539906,0.04219545097678716,0.23850289812629727,0.02033341539927072,0.018464344726440738,1.6272257858065982,0.6229629313552278,0.06959481637514577,0.17515055974213256,0.022253737263463955,0.0,0.08931802749211132,0.01482666186881574,0.0,0.2380511748504126,0.06704527413930808,0.0008480343268347461,0.4839264716462959,0.08188094027525941,0.009689033423758573,0.17614939655925746,0.02997861363458889,0.005432784951026038,1.1731247877660165,0.2697082793844775,0.04913980530632675,0.28102804755393385,0.07781348313305815,0.0,0.1146682815114177,0.005034442869337191,0.0021175787148605602,0.28044306448289047,0.07125584051233691,0.0,0.34503322252095864,0.11759908777147465,0.0020417792249937975,0.12280254144764907,0.0504591797582407,0.0,0.7964154806186168,0.24108565500034906,0.02391798110069102,0.07000435305222272,0.0007603457974720259,7.592168041827886e-05,0.1626024801570839,0.048497809485022886,0.00022770622700798093,0.09733468968155926,0.007695745475010497,5.7770325855336e-06,0.039977090519763336,0.0006256194432431313,0.0,0.08842770277117415,0.009426007530730768,0.0,0.0640851304299452,0.0054551812544581645,0.0,0.0547333413343694,8.151157401053386e-05,0.0,0.06650508022499357,0.016511290615619706,0.00023239586088989798,0.08736948833992536,0.04256975206997996,0.007708559406785128,0.049948513403553906,0.003846678012684834,0.0019247269232658946,0.06084925391925354,0.04312678139971783,0.0006754855538928864,0.028534787168561313,0.006768554669960308,0.0,0.03585014220316123,7.949760151321158e-05,0.0,0.017764093967715125,0.010603895131362416,0.0
19,0.27609817845642964,0.8070345765626502,0.3757099384654691,0.9421488002011136,2.7846943027427282,0.7864206378795671,0.11834744980713052,1.3047086478424705,0.43456786113831214,0.0005057880327088537,3.942318796945082,1.0564295715144805,0.23804245115090122,1.4150507318129024,0.5946882731320753,0.01794677676956958,1.049880005089963,0.507697479995915,0.02307958509892619,1.9369136886695981,0.6549968626036207,0.0036303281725671836,2.0533096487160076,0.6822787559467685,0.09394595551253324,1.2375990355204172,0.39258721734905194,6.212788406552635e-05,3.80640569273364,1.3221101797258485,0.14927708449846097,0.9713797112475253,0.22149423141798555,0.06060865435657617,0.5905782720725012,0.16551671799508913,0.03370976180751942,0.7712671112351457,0.3273600171981537,0.06615259864474281,1.445864960354851,0.6389174690653424,0.03731902314241244,0.7294274674004952,0.41165174333031423,0.049930075260677234,2.5377298373640893,1.1966794301665602,0.28556584520896294,1.8347188296445593,0.3577182849763161,0.036862349851978546,1.3550308309195387,0.2533601108219089,0.024868006252007108,1.1796028600794892,0.38378226714122887,0.04584045054273225,2.045077013854357,0.4990318317570951,0.042176128953622716,1.6197455583599538,0.4172090332474261,0.022987008548244075,2.374949291606602,1.0477931072313416,0.04324463271080239,0.5894793309183864,0.20200057819048642,5.7770325855336e-06,0.6471264388253118,0.18426656723950707,5.7770325855336e-06,0.5400368767792281,0.06247249916122938,0.0005797546515671862,0.49986522964767177,0.2350159822168836,0.037958341134951674,0.37323505934663587,0.062385471130084434,0.0008626101999540548,0.35394125018838596,0.22403210576014065,0.038809456284665006,0.3724712076235738,0.17348377517884647,0.0009155690977991126,0.2947312567801004,0.18759173998106882,0.014362487240982678,0.5591734952443528,0.11308679229291968,0.000475958201695519,0.4396593539558665,0.1518085740243948,0.007765696050922512,0.43501274749707985,0.1438961137214269,6.385290299601844e-05,0.16287219234770986,0.06724969221245197,0.0017554741926082919,0.27539863308509455,0.17314198459915062,0.01725085107034707,0.23470984210414572,0.040866544309514294,0.002074107025865437
20,0.22396051341298634,0.6109930540541808,-0.19314992919292978,1.3931750569115748,2.5891735427307516,0.6348439114944789,0.014212177265466619,1.528958558924642,0.5037932560280993,5.343177751915423e-07,4.431526404461647,1.2416771039698493,0.18847496790070614,1.1104542639363848,0.3657005861160441,2.2236118848565397e-05,1.0989468281525472,0.39840288889365266,0.005763122899239615,1.0670229394648332,0.5713387952338821,0.03900899637123876,2.2762891332564985,0.8107120361469392,0.1157369505691373,1.3033432826588118,0.39755319270955247,0.05450890498171159,4.350611182800766,1.3920680663966776,0.08119753776220044,0.7770786608480531,0.1648663219703685,0.07689043068565186,0.6861930103571678,0.11248159870217123,0.019281679013615226,0.6857034875169101,0.2032571342049922,0.023719728394222213,1.619020957641508,0.6986010585551434,0.0007735628865459839,0.8893922230522804,0.3073331301586902,0.04541212634636257,2.783167516423681,0.9424080640708805,0.08037423163883436,1.0705652515471282,0.33963468099594013,0.04408414898602749,1.0703110236050808,0.24119528530418785,0.06030138325435681,1.0771073081474762,0.2722918760923078,0.02047780086559907,1.868769769742883,0.6428570423912467,0.04728423096665004,1.0287068643368031,0.45830309738441966,0.014691121133546703,3.05829010928255,0.8717061220136997,0.09043969912747658,0.4110626971138308,0.14241712782860336,0.04633787836391402,0.6093344683328301,0.0905466787935974,0.0011711705373823032,0.36580146961362514,0.14232577182315448,0.021608624742214103,0.25937306756844997,0.24930339904526583,2.2975350476323637e-06,0.29262836547933785,0.07696625047201586,0.0001806526349766682,0.2907175779677981,0.12188596328515786,0.006091170463657605,0.2562008730468649,0.12208290747818734,0.0018300006734131636,0.24227955683348038,0.09618027830885839,0.024222982452840006,0.2663864152252322,0.08751567768161708,0.002724487346892881,0.328925941157603,0.07666487682107999,0.053564481839407874,0.29994669870656665,0.05166208237782671,0.00032470890620644517,0.0900016901382715,0.07892536503495237,1.8612488225692473e-05,0.16965309102832885,0.10470957258303001,6.501361353481854e-05,0.13980224749271772,0.035876511618189964,0.00023637686988875603
21,0.7117701551831371,0.8753718265379219,2.267139370935733,1.0058855596589809,1.1747828832761045,0.5492784813306658,0.0498302041997643,0.43058872917140567,0.3468106941795763,0.01980895829778679,1.9812283990444932,0.8850372417437476,0.10489436535976769,0.5223441126579579,0.34583042020858834,0.004178696624438048,0.2920564953620954,0.2381397384325131,0.027043295163979703,0.8011625505313118,0.3175825344615248,5.7770325855336e-06,1.0743202141589299,0.42503406517540404,0.05621149101047494,0.44496845906427857,0.1874344784710383,0.03782465554738107,2.7539307497405163,1.3960743548326882,0.12541074595702068,0.2699767968827529,0.15616112595631426,0.04961830982666064,0.13004553254380316,0.08128554002002625,0.022899906770751453,0.31342501481428664,0.2129696712880551,0.021089390852518722,0.7043021683444378,0.4566878883839865,0.06427871025116963,0.36239570491409945,0.22735234067376778,0.0,1.416625044057779,0.8602656552890331,0.2381767637120065,0.3380478060466588,0.1281679252330651,0.05658555088304939,0.16581716133025642,0.11017591778030476,0.026462618565477745,0.49660118787478563,0.31793128638916274,0.08197661053344975,0.6304314957332152,0.5559107012452834,0.09280381393383441,0.41424968877766855,0.3451164044569048,0.048576663780805565,1.3361449061826811,0.7411780327178421,0.10655259213938811,0.1803582032760891,0.14166129014553502,0.052111805273400695,0.2570693581439862,0.1191924563972169,3.432120111132354e-05,0.17736024061614056,0.06675393186438909,2.759492003294145e-05,0.13779152697949007,0.18417009257550812,0.019939752343678115,0.19751173485633441,0.03624840065722446,0.0031823082311415304,0.08498424219875332,0.07150616642163464,0.03944691403916104,0.06691981075549952,0.031019815145014912,0.01413738194947053,0.11875968686915318,0.0515238956663282,0.019498526705059645,0.11655049804961609,0.07273275619781301,0.018840904759468518,0.09517213359789684,0.11987691714988544,2.5891410020190658e-05,0.13376732239513378,0.05247120917506028,0.0,0.06540050432838666,0.03551027468008013,0.0034500688757079026,0.042428763914328795,0.07556946738706809,0.012379620219063267,0.11138484782589984,0.040978909940763836,0.000993999110389841
22,0.9607818825599292,0.8964438144677773,0.059644432789901836,1.6655167800380433,1.525951444969626,0.3969946849758451,2.7009032975350967e-05,0.7931951098385692,0.2025689431306453,0.0,4.176346063380616,0.9631079057877188,0.29961197977255116,0.8213902231079989,0.18517288007105046,0.04482055729384972,0.5154002452659063,0.07776458371188985,0.015527343125302965,0.8726276456128904,0.4658697329544743,0.048542658743693845,1.6565806343163025,0.5193549020119772,0.08843775877098575,0.9225081646509491,0.38265245205465637,0.06811002029909834,4.197947653098196,1.4644241042236597,0.2500952292509956,0.4057440816831604,0.1510597737871262,0.02674428497688922,0.1559312400180737,0.0847067553066542,0.0,0.5424354824498487,0.12851098715330947,0.03024045400174219,1.4157061231852082,0.2783787464755001,0.07035735810040841,0.6332586299389986,0.20912984784599353,0.03444512757588864,2.3274266251375764,0.941985409691922,0.0518830186554251,0.703206548477576,0.38130638615358825,0.007615621829286236,0.4504033043720046,0.18977032389671394,1.1030218242885707e-05,0.7253706578875649,0.19983418168971046,0.022357905254800532,1.337846434862952,0.3682338658955935,0.0027104314372298783,0.9263674274089597,0.22461533598671254,0.02472898038634536,2.196582416602782,0.6311102678860561,0.12783568583358249,0.18761514257956058,0.03666086176981008,0.026821799626756557,0.321547727513907,0.12489151630737057,0.00886417657262415,0.2822021390914102,0.08760243398699531,0.0068990952717065766,0.1852078354423504,0.10804861645380166,0.0025813946879058394,0.15475012093570278,0.014763332714050307,0.0016217915692299304,0.17259792876027297,0.05435169309605816,0.006780917781132838,0.17291371359770227,0.05031452409741362,1.1850725677366302e-05,0.20113922296112546,0.03659084019158463,0.008466138934903781,0.2575768802094368,0.05741074357264151,0.0,0.27317830128258214,0.07346018557848694,0.015423805137731984,0.25313547933881925,0.06489836113189201,0.024408426639280594,0.13613399308496446,0.02680292388672722,0.012751274889953689,0.13430567468657256,0.013492832865214084,0.016787529324949525,0.09618774320114298,0.03133171765890131,0.03232803030580537
23,0.22688227029723657,0.8962375052832684,1.1509026406184768,-0.32656662981093876,2.347823860150987,0.7582826296975552,0.0001131253789042136,1.1759507517768202,0.4552743513258011,0.00013051341681239776,3.150009157210407,1.05883936086718,0.06612357247578235,1.515419981756717,0.8869622759864216,0.06625053407387824,1.1268934236623196,0.3623809241185826,0.0885611665932691,1.783573626964372,0.8555226830919336,0.03998002494339845,2.5913907157899976,0.7600087008872032,0.1500889760746985,1.946064483421106,0.4734148214665719,0.07974802467452165,3.6984324270785773,1.3700769730771856,0.28933769913854007,0.8966981790451356,0.07041347637634543,0.13796727347492452,0.7771859123101496,0.2309904545522474,0.001796000759823317,1.0028723453570914,0.17119985822668615,0.07709083665659634,1.4065286496909206,0.7093168835225976,0.05151649921711442,1.166029826672264,0.4973328354525173,0.10391500706238452,2.343577322310356,1.1922457709563976,0.06138300333040286,1.6320663696514803,0.5395960477704024,0.029166100782861182,1.3088095576099004,0.48767468871519004,0.06099216945166733,1.6346897306975654,0.6975696083338793,0.09789442618751172,2.172489462414634,0.7986576235759666,0.14563350109623158,1.5471588153494245,0.6832333137880882,0.13075575536372772,2.9253566902718617,1.1263105983018775,0.1888482391816892,0.8670184209485015,0.33662465467803027,9.524713528800115e-06,0.6644266720817747,0.23768438530758806,0.03643881723235041,0.7167527087588969,0.39058624332941405,0.023117617393856184,0.7240362338312696,0.0972615889343797,3.6168618512557465e-05,0.7482749177383035,0.17492467380004648,0.002511660281414048,0.6251253951888751,0.2171847034214512,0.009590112835772725,0.6244093681226789,0.22169593852416114,0.030007906384748182,0.8324004312651039,0.2571492986378885,0.04914339159710057,0.7979866883583003,0.2985691246359119,0.000297471008231853,0.7226085225857329,0.20827784811404093,0.031173338777291646,0.9444785717301646,0.10944338583117383,8.233754978631403e-06,0.36321013329487517,0.08416295498859666,0.001918826399788038,0.4389628269185912,0.2030505859891114,1.1937367025896264e-05,0.24090102623465542,0.08071744537487158,0.0009431861890093324
24,0.763611853187063,0.9434835687655773,-1.4079560927771704,0.4819395700296968,2.1699710216204475,0.6845610656781594,0.14496894905622365,1.3022862841188803,0.40734383259123025,0.07095015773112981,3.1944122729836506,0.8820133237941681,0.15278290867254557,1.6353084845845784,0.2545314708454132,0.07538904722471478,0.9291127671227521,0.18814044530425153,0.06039823559882044,1.6419253962238685,0.7238320130741669,0.009774208875544846,1.8905000798985507,0.6244475239252504,0.029663621778357584,1.2819947199364503,0.49463056288589596,0.023458835956651557,3.6465800469070486,1.125281118302839,0.07345076686257654,0.7018316614427936,0.16331859147298433,0.021662586877946,0.6604458329061766,0.07006960632247973,0.032787472459451156,1.0550082404258938,0.3778611368828546,0.017649476294704734,1.802554429887976,0.6431278439353532,0.03949188077033784,1.3242165257476388,0.3149731139397369,0.07577948341073296,2.5652126135167386,0.9514814601148619,0.12982404328784072,1.4403422357338518,0.40046202085717386,0.09957261485580632,1.2219057157136846,0.3092378036429532,0.02663740672526933,1.4229452758839378,0.32582777870392554,2.70475780063289e-05,1.9730977300767787,0.39204378512628846,0.13329548505555236,1.3334312170745404,0.32212801775065597,0.0707418953532859,2.739221474720364,0.9221295790233315,0.08647039129773992,0.48320233858277906,0.1267923992631036,0.03346879742487226,0.8261284357527533,0.14872210975372124,4.228504417508506e-05,0.6630397720299334,0.21117486701260402,0.021001051440515915,0.36698091628381857,0.04954058612381453,0.0061362391247494754,0.608389183429475,0.22547766007230016,0.05489786216703912,0.4205496664944869,0.10679602729814716,0.04251116491222486,0.330635120807223,0.06552213834053819,0.0,0.31304546949180134,0.1005193500941754,0.027967341166840718,0.5896889971724333,0.3250725880904046,0.0025312411425722323,0.3460853570196766,0.14110403874712124,0.009327413188083621,0.773581969135535,0.19631129911984013,0.025709975670298618,0.22047083651805038,0.09059004250890257,0.00038149981493994765,0.3897225053006971,0.072537496413519,0.0,0.21649880359588716,0.0029038014065437172,0.016466827626372898
25,0.6508824875045724,0.9694246501966821,1.7919122472679083,1.770186070220943,2.6972991390495857,0.9910281036728791,0.11600932809307475,0.9540925397520733,0.9818501444648553,0.0003378759320123613,5.184910018957735,2.201299874964141,0.29719394777021935,1.278783919583974,0.7100271199760583,0.00027979663362615346,0.9379565966368919,0.3677403696100378,0.05640004434473723,1.6514377293695124,0.44595574074745464,0.08951950945275654,3.079992806945473,1.122462243431147,0.08964096433700258,1.7637354388643487,0.6844636794506765,0.1122858063864974,5.288434153967849,2.367019464414777,0.19266274279132017,0.8909652115114824,0.3097374767008061,0.08343588615893408,0.5617983390400746,0.17267054084602446,0.09442771644121792,0.7176107903413592,0.25915845701857093,0.013047836612570366,2.348365254511669,0.7288994970589594,0.04277754891410459,1.6886175114424868,0.46278484147406745,0.12499564489841204,3.1980106491008704,0.8404581438980236,0.14278115149928716,1.2676816595297544,0.48444715583765735,0.04718586537937399,1.3402448988546078,0.45791250942433337,5.7770325855336e-06,1.284388268590705,0.29570376667605797,0.04780893837848022,2.3178951410770434,1.0265353446658516,0.1992775149381235,1.424899847622167,0.7326623075741038,0.030415150760286024,3.9028472261579243,1.6102158945476908,0.09857620983558382,0.7847054491955173,0.3605825644724184,0.040562352919994646,0.4432816990422743,0.41848627100508584,0.12318878175042142,0.4168492475937674,0.2304241314572516,0.0,0.36296234614883083,0.24794807786008632,0.04280737404958512,0.37243305118514275,0.08853402098210046,0.007077051653392372,0.5837166098284255,0.18148863583948904,0.02781181524890807,0.499397689232365,0.19606771619574623,0.039633861622874085,0.5211800085565788,0.07133292943236719,0.0,0.6174410166497581,0.15817206986997379,4.8958004371767665e-05,0.36655979344414524,0.26183072205556807,0.06269623478318416,0.7345073635245972,0.13122200991968758,7.897309316329109e-05,0.23851004650732138,0.1022451399946933,0.0004955873310109696,0.262136323809344,0.11390699271598616,0.001196110482348686,0.4005811485138848,0.0878709959253067,0.0017241195907750108
26,0.2970863498898514,0.591592763469245,0.11182929259435598,1.0720709094730123,1.8480911026667615,0.5636454937252054,0.04120742189410106,0.7802585581704562,0.34853933581057306,0.009727662274902519,3.613466587404437,0.9238478036185607,0.06793265284158333,0.7029825222250748,0.30947991979191436,0.014723434785963045,0.460834210430669,0.2562845224370607,0.005615233032002584,0.9131959667811101,0.3166116595936911,0.00575319014175858,1.2326956567200191,0.5432559368038611,0.13021033177382638,0.7411360816378264,0.28031726583426764,0.0529914030689652,3.335492768284454,1.2801141795733846,0.20506310221418858,0.4680578446679705,0.16918169961758647,0.020086695508219846,0.24587809266683652,0.06419750223937554,0.005758576577106404,0.4651551901458237,0.14911999824163963,0.0009339083590237224,1.1971889542067915,0.4062931745577911,0.06306614722764073,0.7079850054308219,0.16880755223657706,0.05743783404288738,2.1064590054228867,0.786559862139856,0.0848947092340818,0.8916794356923323,0.24459210422155903,0.04794156496001685,0.5385290762655613,0.23449494245267785,0.018761203740134475,0.8648031609890054,0.20679712165080288,0.06615806113095833,0.999085113488275,0.5162277060372678,0.017441876769850675,0.7088370152049205,0.33560463664806944,0.029854026494592012,1.9233495544610262,0.794538719506447,0.0946072211283229,0.126367961987011,0.08669507160017408,3.5672265394413416e-05,0.3325278690972844,0.11054587994232351,0.0023372973481627464,0.28469451248801486,0.0698575618770663,5.7770325855336e-06,0.2451464791747698,0.1410103542650194,0.009121324769352944,0.13616980009640922,0.06590355437120517,0.03263635314413019,0.2677785553634294,0.1147820847457719,8.366543644309868e-06,0.137711785024509,0.0655604465259913,0.00023826223490226118,0.12185984013206685,0.09899993029687028,0.006257590800470048,0.24286336609989384,0.04950767637159203,0.04447903251226308,0.28727282852374025,0.010721174927372101,0.010250922479360935,0.18314285297828423,0.008881571065863694,0.0,0.09282601486109074,0.012642518177880466,0.0,0.08165985824655872,0.10382058481006148,0.002656813655875904,0.08710963605992923,0.022288928738142224,0.0008060928291585203
27,0.16928600441639696,0.6487105900559702,0.2150255616057568,0.6052579886630849,2.1782668844860202,0.6704159779997119,0.06885223461488799,1.4824648696977192,0.3640450620706219,0.06928740297675069,4.0169886801949755,1.1132038235143398,0.1666087907352676,1.40564496611082,0.5030437566895478,0.030996776702638954,0.8660871558306598,0.3488538875034319,0.06550689355868818,1.630148158288043,0.5711229608572228,0.06531303741024434,2.0144787909721718,0.7155479182240975,0.016567465400360804,1.4426932343788155,0.41619333355770094,0.013367125690546383,3.757535032594816,1.3178918519597702,0.015983122245432187,0.7834599903040621,0.16529931558346378,0.07487586568440506,0.6561325301836389,0.07937402351252408,0.01839770894626815,0.7142366455541478,0.29263735234433863,0.035534075984081814,1.78537216521961,0.5466721976395996,0.0684114283720225,1.281920419605255,0.41915630141870125,0.13035474950608308,2.52373509892554,1.005070354290181,0.14903382420256214,1.5857582223894284,0.30668930931058747,0.011266467262317198,1.0547998767753373,0.35429998254055944,0.06350182218393602,0.9678948965951266,0.5715417818137056,0.1400869087499677,1.633399160861953,0.5550405653020329,0.03321648514389988,1.180660876567769,0.44602083033769135,0.04924851742825106,2.513054404482666,0.8815084971394803,0.08754533181699757,0.6111857139813813,0.21328131374274312,0.0007434641554806934,0.7560090805115004,0.10577461321946187,0.0,0.629732530216534,0.2354353871719471,0.0036183584749575892,0.5657321363359088,0.28203903022605276,9.524274209390908e-07,0.3958394469408676,0.12219554713979247,0.00297759562579208,0.42836335952307125,0.08852661406173085,0.028637385224311862,0.44566106764970753,0.14787161785799052,0.016432071771751145,0.4276257595666168,0.14612837316300603,0.027100370825110503,0.481236284636383,0.22774848660053057,0.013342426824420103,0.5403513119990699,0.2544819910779117,0.0367929421837618,0.5807369768991187,0.1271875732670405,0.025256404202902077,0.27141824722285746,0.14198946745061997,0.00026515444498128476,0.18640243718308472,0.14721463466301685,0.009432559305125496,0.2093450205881986,0.06438644578808463,0.031154529878645372
28,1.4265400284731755,0.8659826983864313,0.7714170687093649,0.3708774332689778,0.18838629600923582,0.06176113359183383,1.4821292392247071e-05,0.016802033466542236,0.05528652473561814,8.50918392029298e-05,0.6631903647025104,0.3413911072717174,0.02068514798861701,0.1366035535271266,0.044157327372563,0.012551838168540587,0.060191446643981766,0.04361211881204542,0.0,0.17409495029375047,0.1511752306539559,0.02569786134238003,0.2020645732262885,0.14236130097409477,0.0,0.04005607105538562,0.019393137380478497,0.0,0.7563411602348257,0.46449341866134625,0.027186424903934855,0.04328252672867501,0.023148280814253977,2.9505721757510843e-05,0.012030987554347542,0.011735230879971442,9.3613312668332e-06,0.15710068301433716,0.03483743329564806,7.931701658490841e-05,0.1586498300490636,0.11549303660342054,0.013104708653315277,0.04006666612970057,0.029221728781712468,0.0,0.659538360987027,0.22337822814035532,0.08079005347746983,0.10099103860138534,0.02980598659478593,0.0,0.05920451331262375,0.007036174005525252,0.011758591646738027,0.2093535880060461,0.08182981216464337,0.016610338369944324,0.24020447360006114,0.05472401005861411,0.0024994886600995703,0.06149748709546368,0.019365157629108575,0.0009723215416008541,0.5933743860533877,0.1913450452416376,0.05370177846886489,0.029919202237006098,0.01861051216371785,0.0,0.06097557508524201,0.01262884718390284,0.0006409924673024052,0.02703022225973699,0.017478687541878105,0.0,0.016112932048814345,0.007799460061873204,0.0,0.06642707792233712,0.032098706918245866,0.0,0.024875930367882708,2.2495998328627808e-05,0.0,3.3784107592783695e-05,0.0033651432382097095,0.0,0.017011258202072606,0.016313608188120304,0.0,0.02840907241835857,0.013488147201214006,0.0110140217427567,0.016531323536495092,0.0038878288129614337,0.005591938134689501,0.03865348477839625,0.04441034545590687,0.0,0.004684434130077197,0.0,0.0,0.0034243647382904935,0.0,0.0,0.013663452317362348,0.008111720553774265,0.0043706641762283555
29,0.5978945161160799,0.6776151476266361,1.5689847136645358,0.7386883522112997,0.3012686476097992,0.25782992538399824,0.03796162182279924,0.10304535742229716,0.09885274050034208,0.007503785560335158,1.3071176162836688,0.4467268132963198,0.10101723642169791,0.26771458850575325,0.08105211606619597,0.017022267793124133,0.1694329952640662,0.06523003116232885,0.00016273791838463815,0.3117963771535548,0.08860032087827457,0.01698506630464114,0.3371101563434696,0.17516197964553482,0.0,0.10866205523203441,0.055255471796107375,0.02803368044474919,1.134253016632281,0.5357495827310772,0.089624356308324,0.05161512355482344,0.08246407114091564,0.021254617317228504,0.05891987672698995,0.02647925836745485,0.005892606965466939,0.08157417247463129,0.06535829671897389,0.023753197530939178,0.3673552876033488,0.13397880844195192,0.03003104794824482,0.11175430357493911,0.06858743683079713,0.024986483611444274,0.7623999363375139,0.3814095922766328,0.034210667162288856,0.12235210509630956,0.10206403898117569,0.005026069315744307,0.03932338888749678,0.08974266120093698,0.01953513039952068,0.23892104868048059,0.12606906123783526,0.0677282556314161,0.3791280480754813,0.18701585912123234,0.022360569645734806,0.13379722111758896,0.07181836354465375,0.02857715787257438,0.7526034532330639,0.31994432826458874,0.031707996258903554,0.05011250681694453,0.08626934255635556,8.045575874458454e-05,0.08469665264542206,0.0359988138624564,0.00020660076208963462,0.04642209306046145,0.07140822037988087,7.010649260844008e-05,0.026669666657627877,0.07869140419600404,2.9285929960717606e-05,0.06348453913520269,0.030829294518727714,0.0031167148542132726,0.03357941451902661,0.02684493191541548,0.004189766763827759,0.03476273696770461,0.013545408461932132,0.0,0.04545053596753186,0.02925440621352982,0.001709186542312569,0.08086791173431374,0.02804411128809666,0.010759490846086902,0.013236996874465105,0.02717607496085804,0.02132903932910769,0.09602598429973935,0.028868103284175113,0.0003608090986394072,0.010564101760779081,0.02062533672259601,0.006064386827412731,0.005038913513399638,0.0012379116842438668,0.0014584202779082426,0.010837367811480647,0.0016605489723969169,0.02231505389591552
30,0.5123611003165238,0.8019842672707334,-0.39160749757098773,0.3428364904633314,1.272271989462959,0.333354333976288,0.013548056057577855,0.6997664888060584,0.14809040806467963,0.001976657873324711,2.4613914999824944,0.5905567771803435,0.013852019065723042,1.016137669113716,0.38238965957634,0.03767212837877887,0.5637817004098741,0.19072565331676244,0.013561802983951618,1.0011371665443187,0.42995523038065403,0.0,1.4946533008626166,0.5543789025908603,0.02171495158549086,0.8785090371327327,0.2548422741514115,0.0008170930996578741,2.771255179944965,1.009457749158241,0.07311745615604362,0.45680941646472495,0.20034738760334914,0.020800070902739574,0.3274474474853716,0.1155191452119627,0.02800783133281664,0.415257196223438,0.18369642573782546,0.0218037802672917,1.2023056060925912,0.22341365499680366,0.023236707575243477,0.6425921045298912,0.09324948128141362,0.020464995954934617,1.836560690217951,0.5062366625348751,0.056169629270536925,0.8581356208173925,0.26912169755869325,0.014888531704144274,0.48470017665406806,0.25194819484075787,0.03427167759318006,1.044222036546399,0.32968895404996224,0.015565535648596475,1.4014938761170934,0.3510454154085624,0.022968038780480458,0.8572985303187832,0.2656120339757453,0.021689636266825733,2.302884948764064,0.6047767151821843,0.10067516870811531,0.3999214937320936,0.11644346450270002,0.0007665822751153943,0.4316047992764427,0.0691987440273288,0.01153091533044762,0.17554339981913275,0.11373940562370086,0.01793393000450016,0.1452216905874817,0.10592214632453983,0.0036350411271929006,0.2700734105299837,0.028339028628976002,0.009357712196457176,0.39403607350044945,0.07856367539436016,0.0011500433875682582,0.19271090692529586,0.017455154563554284,0.035923332934463786,0.23938345773658798,0.10676471189677642,0.0016711555580346154,0.17657786176420298,0.13884489613551523,0.011024636887971619,0.10774365227146596,0.14402386327714034,0.0008897707826975148,0.2789207647023465,0.12709361354170193,0.006328397322267847,0.07859922807234462,0.0694702820173222,2.2193685699974698e-05,0.08152931464518356,0.04871622191310728,5.7770325855336e-06,0.13644774616378022,0.033749434733606566,0.0009868115952710139
31,0.5384847091465006,0.5431363909455335,-0.3176002142764777,-0.16843542267048794,0.3886478249188579,0.1676319632444184,0.029602703949518184,0.1174146236143624,0.030248567085841088,0.011192526175373045,1.032575739335232,0.34604308347423807,0.05787315054871536,0.21798639176089002,0.02356321381771247,0.008186730340576953,0.184764275920747,0.020645824954149856,0.006098087227620376,0.44919806965823433,0.12934604364981353,0.004048336828708756,0.41461834975174827,0.05984625277769484,8.344185136375371e-05,0.12623342220680805,0.019010658296410042,0.0,1.2087308572330986,0.35998168104492306,0.0041064850213852234,0.04239757579548113,0.027706237623087465,1.285901000099684e-05,0.04226469592670391,0.0030916514268273243,0.0,0.21585715619759482,0.06111380969823669,0.0018319407237288375,0.36533784612141185,0.06220732133425749,0.039198922554550514,0.09371841190057445,0.023965335924235547,0.014329025646697479,0.620460144171987,0.21817707326475694,0.02750763821007773,0.16882996125322058,0.06664603557825104,0.00032819554591677103,0.14387192348763667,0.06296699893240956,0.02502001843462879,0.23942501820953355,0.1529478651580305,0.018013368473257862,0.2996374216445197,0.19268601427801668,0.028643968173491307,0.13871369708527911,0.09225014101304793,0.008551312853995071,0.7876958377181451,0.177588208062022,0.014367410987036661,0.08270681344226577,0.042490744097075386,5.7770325855336e-06,0.17516498137604933,0.022536335376953702,0.0022600132022867355,0.015494954730313761,0.10097169894822841,2.071433522205737e-05,0.03934463529497559,0.021989780439901224,0.0,0.07236713186266044,0.010184737909744276,0.002061475599209292,0.024664856338426838,0.01691822300724928,5.7770325855336e-06,0.02673968187357346,0.019170702181363096,0.0,0.051150207593124865,0.015468144082842927,0.0004945823588464286,0.11071464908726533,0.002972819999265325,0.0010661254289637749,0.038759412346963854,0.024885660560277086,0.0005759138011537619,0.03425344633865281,0.027278957418664866,0.00013873772514968528,0.02616343755769244,0.012468695975443103,5.7770325855336e-06,0.030646227237844124,0.00020789608981031517,0.0,0.009864337510985779,0.0022885814099377925,0.0010532248997638081
32,0.5464106522866029,0.816547155691403,1.7859730870448238,0.3709142235159014,0.8426076506021627,0.5673120535782621,0.030390345775699934,0.2707994614526589,0.11779460720072639,5.7770325855336e-06,1.8431894941618958,0.8722074541126962,0.11450220859732516,0.5182113503600005,0.26597684615847994,0.10610694948730727,0.4117074099855583,0.24792763064447604,0.036593654028849065,0.6119808764803066,0.3641387889806799,0.015236500182702369,0.6753839555045987,0.46740292364077984,0.030807136954802732,0.28959406039772223,0.246364203533209,0.010172923698520664,1.7533712709279239,0.9976930474614384,0.04540981110300302,0.31684874628062265,0.14724864889954453,0.013866997756356383,0.11916379249236608,0.11824653923839942,8.16447064997469e-05,0.37216585571662,0.12287466228303155,0.055995169388891125,0.6413989474224511,0.2952589977356911,0.04481245306512663,0.21929340470674447,0.10261363049491852,0.016607550214696502,1.1056997005610363,0.6072822963147791,0.04990055909220851,0.357502064054233,0.267007470811353,0.007049298007089983,0.29462928255579596,0.16712667522736277,0.055647422824860175,0.4662126792968416,0.28016305110226913,0.08755765926675604,0.7670618898613457,0.3005771671237767,0.003268878929977707,0.29061501848689103,0.11905866668026327,0.014785590131493886,1.5804802921169625,0.6032556360706365,0.057705962022972596,0.15535515143604842,0.13796082353110306,0.004732202493974378,0.43255168102806907,0.13433277146906972,0.02910262261106813,0.23610457127772683,0.14776269517196328,0.006719162821241271,0.1036176424258525,0.11738062007705403,0.006306103045552463,0.14838896335345655,0.024930832886027092,0.012127532589023698,0.11533166566242438,0.049953607627232985,5.7770325855336e-06,0.0834771246767889,0.06997257038738307,0.025896263435665357,0.1572689725945347,0.021977310218494864,0.008700802198047818,0.18264908192395723,0.08611963519648834,0.004058060455120988,0.10798525043235267,0.07728235357132335,0.014020067118077559,0.18542367109539326,0.06042953291409356,0.013433645739712728,0.03507208897858238,0.03458099293040125,5.407141834242695e-05,0.07590565407117511,0.031710879045981626,0.002163917905171889,0.06320154297294114,0.032866130823696355,0.012337038273243018
33,0.7377888480533161,0.8706841626837005,0.2101808679766624,0.05364534578542135,1.0948679674492567,0.332987281316417,0.0,0.5288785011950713,0.13557309553152713,0.0144630366792927,2.2665997870231056,0.5177021052369001,0.03182851140101051,0.4718382144145384,0.181046884052486,0.014143373821920586,0.2391628185348672,0.14673066194588674,0.004481304287361908,0.8528175960437275,0.20450976828403167,0.057986443783256014,0.9850347341417516,0.5712573484829233,0.020383884210893145,0.5013419043714527,0.3303569619616719,0.009800027445918279,2.472675199334123,0.7494897922089911,0.08895590787341044,0.3274145442873584,0.12796300431816252,1.6423484654700238e-05,0.19221884320394883,0.057837910231679085,9.42127345536487e-06,0.43800760196159416,0.11005271386827378,0.012968629067057084,0.6625698737375669,0.24623500669686427,0.02890295853416515,0.3746339594237612,0.16766354326148483,0.001292741742647951,1.3465270505725886,0.6039851432928852,0.050585571497980944,0.6565678392258292,0.20853693718403546,0.00522972240067633,0.39973491485254975,0.19616207903049548,0.012934577959800762,0.8150869568438273,0.27239549301566013,0.01276528137068598,0.9257562890920861,0.24924921068084455,0.09003050680189187,0.5360884971141187,0.212556007278201,0.052821169097860554,1.5798000433150947,0.41296689349767823,0.15433415219250873,0.2535673266618412,0.11476272352683176,0.00927091040119527,0.4508456883623212,0.07783744709412468,0.012240282140222537,0.20794942094953706,0.05094684321910445,0.0,0.17108961874584475,0.04399620932837069,0.0004605382348034942,0.17435960561061553,0.02544610312286361,0.00019540918096865078,0.25106222820636936,0.09163090651157553,0.0005521907523889007,0.17589599970475703,0.009292308949074693,0.0,0.3044731684898219,0.034386993292933016,0.0065557185814878495,0.22750003349102196,0.13757071384546793,8.41607271426831e-06,0.18877175426856171,0.0626782170695275,7.327741224307841e-06,0.25695928311464616,0.073768112021726,0.013113784918895336,0.11175726668509053,0.029392621614058465,0.0,0.07135395937048838,0.07000158333814979,0.0,0.09407099387146728,0.005693769015147529,0.0
34,0.2961173380578777,0.867793763935515,-1.0414267342838333,0.8451695811849533,2.7361818787430545,0.8301236203170734,0.09607680097405763,1.882832874354688,0.5583504420052952,0.0008724842379321286,4.725850766221875,1.2023005017857562,0.31256529329747645,1.7693800244681517,0.39612454556876586,0.09891627687746496,1.4697459001913784,0.48193505473014253,0.03986729161375517,1.8214088377115807,0.9098987384273698,0.05207988141590094,3.188040192494676,0.9028921009080073,0.004507997999273716,1.5610016197511851,0.5483307087677487,0.04682817385673473,4.53885403970458,1.4327183395195877,0.10623328290549712,1.0342809219592313,0.24870327915532026,0.023426461547238785,0.7268188750838782,0.24979070928577501,0.035117738934978715,1.059811849155683,0.3313775627976455,0.06451639556571415,1.859983452208205,0.6342949609321413,0.1110832389992845,1.630227595601435,0.30719082663292796,0.03603533700524173,3.269828300574382,1.012324448890162,0.18935812874767635,1.8926969131506355,0.5735413245336058,0.061311463229493365,1.540426063824874,0.4795176652197024,0.04691111548950074,1.2056426758852525,0.4634640799110502,0.07028441298942154,2.0814918168179064,0.7147800778798253,0.0550750118628454,2.03438104702099,0.5194757455646116,0.018655869698690083,2.832714268175792,0.8603973135930632,0.12427109473221236,0.9072102108415183,0.29784381529456533,0.023835410733087085,0.8499309722348485,0.29068607145220626,5.4820458599211964e-05,0.7090577964832869,0.1948663641231515,0.0020719523395266322,0.6876389478240887,0.36304952784016375,0.009512202931936721,0.5366539334145665,0.1324871040835043,0.013238105344375225,0.7863838473469473,0.4011103611424273,0.03826662423845949,0.64970033661527,0.17871939524743224,0.013142179968493156,0.32316308976245645,0.19490231151908155,0.00017488519865992036,0.7196061891366788,0.3076729702650707,0.06424651117444147,0.6010245812969883,0.08007521734333269,0.0,0.47376124206001985,0.2190159484506285,0.009215657472528834,0.4005105393083064,0.08598280069823261,0.03377576168933533,0.32920917519208015,0.12607725939742548,0.027740925212911046,0.3182487629893463,0.031690617896373875,0.03602742353662417
35,0.7261048641174183,0.7138220892313377,-1.099843352877195,1.610808287891599,1.0887469067853988,0.49652610851098167,0.018731508679153075,0.42395291324531037,0.20752090830236916,0.012524377691468351,2.90139898722816,0.9450470111312577,0.0811830401981139,0.5408045176994778,0.1104309650808167,0.0009771968178325717,0.3376184328264791,0.1119203928046679,0.000320414101109723,0.45943688069357663,0.19760597571997524,0.023165531347947497,1.016387173961727,0.28584096716800156,0.0036279874605109484,0.45523640394859044,0.1366711911799185,0.01795230569920118,3.0617770745429524,0.8592645175116221,0.14728379410654072,0.31873641701741934,0.025738667487112527,0.0,0.18629162512875558,0.046466578200161396,0.0,0.3098463346899045,0.03730255272546811,0.01367457506764247,0.825307188290582,0.230797016395266,0.0072454810863636,0.4785320636817941,0.11478306529772125,0.0051644738237186915,1.4450862532100466,0.5146977933898262,0.045096396431880285,0.4001544433049198,0.1407187859563542,0.0,0.34068443945610616,0.11196448054525161,0.002183833612710095,0.42924228520822605,0.0642927213182189,0.0,0.9463886183223031,0.305668720977298,0.022179675922332533,0.5329469239089409,0.1388665880605452,0.00018827318284423466,1.4319587468984207,0.392375499001362,0.07208982759157655,0.18877001405320795,0.05534230513686342,0.0,0.28617468613189007,0.04587222689466206,0.00010808494757127552,0.09533501941376113,0.020735668632902493,0.0,0.05758694018634873,0.05834606662987334,3.399442562136056e-05,0.05194027625211531,0.01459144804847399,0.0,0.1087068509607344,0.013232922653668612,0.0010180558167395323,0.05248598683244055,0.010164432190190637,0.0,0.0415095231306353,0.03771325345604626,0.0,0.13233584137194349,0.042636440153551405,0.0,0.07720206416061726,0.029090666494188427,0.0034801154529348712,0.06704995836308736,0.010295455367805918,0.001304577654555117,0.030522364640799684,0.01672148439500862,0.002349069843295801,0.05110581296457818,0.034490032817294985,0.0025207867390757413,0.042577207898291246,0.0030669391307526486,0.0
36,0.12980565690990908,0.7803700377410314,2.0768503313400637,-1.250918636865046,1.6514467198412361,0.7751800095990601,0.1336543995031925,0.980330259555463,0.42227130637507104,0.10698946734719066,2.2998269665474416,1.0150327078720989,0.15121345531631417,1.4709052447495854,0.6049124501794205,0.015682153610601695,1.2201490762084808,0.48500521294329935,0.0005061138703492603,1.4450258949648822,0.6815141173614567,0.11389136255434719,2.046434098066622,0.4783678371977978,0.032453888894675924,1.3549776491153436,0.5746148454346747,7.031415252330958e-05,2.734543794716083,0.5620250908740726,0.10071764639394891,0.7681082891213873,0.1632969012152446,0.09595775014691421,0.715656851766044,0.22324088567976527,0.08276890691295855,0.7993362612898516,0.24840546883787173,0.07880028765674041,1.3038490958856193,0.3482693913749616,0.10198947808494409,1.15123477963653,0.426169151468223,0.09574621873190023,2.0702079362475976,0.83753568896083,0.1279331222068483,1.3349091722578303,0.5503856600329381,0.02039485730519786,0.9963155605542152,0.45287837011104914,0.06429739743249982,1.8806090634605142,0.4226591296892528,0.096201000562298,1.7345421015842832,0.6736564282123021,0.02301391101325763,1.2703573859224475,0.5811556788230998,0.019729907762072514,2.60239080925587,0.9922420697867205,0.11039224790801898,0.7588008046676662,0.3113262701541581,0.027747166468389674,0.7765423556322593,0.2461735602822141,0.016351853904145893,0.5727900575574754,0.36940031105316407,0.00026728839518870134,0.4048151492420774,0.18398813007625642,0.024933293221994515,0.6829208025603328,0.32830836729507445,0.0019517129733074025,0.5449207894368865,0.3541004967961935,0.05353288673245629,0.5933413584468171,0.14872567261367203,0.054933518055690266,0.5079407253073995,0.28937546609062326,0.024365156760504894,0.5093214434065668,0.20671208514162268,0.05326833004427364,0.5542098789158937,0.1751629292203496,0.06434758602207233,0.7025345288100928,0.274148656678993,0.05395683889254126,0.2242563586147729,0.14358064118735162,0.003763398686121435,0.22983886135107107,0.13539079726311026,0.030661475240625607,0.2224236475099887,0.1429263672851694,0.00012821164019518634
37,0.46073207620180656,0.9692345659679111,1.7956983909401212,0.15556549044061574,2.274409750344508,0.8581035702934486,0.1455204505552964,1.3460873114845828,0.5345612143158915,0.14091899072259476,3.7051240919603656,1.2222134002203209,0.09985711786986594,1.659999259021976,0.6829808729354933,0.07711449315893719,1.0749410911671398,0.558798961121949,0.020549208243900628,1.734319216832779,0.6617872013375672,0.033660248210384956,2.1619625122646986,0.7194026009746268,0.16997710480608128,1.397730120717827,0.4692066376276797,0.15562896895352388,3.82225221336649,1.248538921966314,0.24731486177418083,0.9040548784252527,0.4157918140492065,0.1356864413941087,0.7413810425611815,0.3270802339021259,0.05648680895199915,0.8555525912069321,0.518419610046063,0.06009761343436956,1.8327431418292424,0.6298722377570022,0.06068984679058659,1.0829262846247956,0.2724660280585307,0.13315213509468404,2.8030025945527193,0.8222965730663578,0.06515328803795369,1.4264525155298022,0.5852448587046035,0.06774280317555863,1.4442415449998118,0.529701558574897,0.07541653641304487,2.2070740186113937,0.35522301091050446,0.14291832519810005,2.019921096308999,1.1183100193714741,0.13530939888903742,1.4455248841568495,0.6402922803400979,0.2368240899060945,2.806795173580983,0.9427074553961479,0.32528259452210384,0.6648599131921422,0.24212204234908188,0.046577017187239306,0.7717853946784978,0.35335940695363777,0.002717943615263921,0.6405257631358467,0.28140322047752503,0.09591132955652916,0.5726530827750834,0.26045946932618597,0.0011352225174344845,0.6976614271690799,0.2805721965791948,0.03055183389465478,0.6412518476693438,0.2107422925831168,0.0029420373833179986,0.615467471542236,0.3368184905112489,0.042301463692969256,0.8070141235914927,0.154694395014136,0.12493286570155271,0.8441390355756141,0.1510203365705932,0.03182411175875178,0.719328142822016,0.15326792595854058,0.02508943347605158,0.7238470701152795,0.2965837907304109,0.04011233886462162,0.27792616750448423,0.14765185361227162,0.002331224922642645,0.29253842176875816,0.08134039205245973,0.03400354950267745,0.2619258704609936,0.19575289915043984,0.04128927229068152
38,0.7233332646212021,0.8565994239857019,1.3246243832807465,-0.4252492168482148,0.6143392334769658,0.24852437464074403,0.0008823479158297581,0.31449567509950827,0.11197272883613787,0.0,1.2167218038822352,0.4714405612363446,0.01820510308746755,0.5512455373757881,0.23674323689820742,0.0,0.3973195609912715,0.10621216506141799,0.03609163897867847,0.6986268938289157,0.22681303102934391,0.029696169721346536,0.39059093987794286,0.1700126575389621,0.008440486434666385,0.25456461615812026,0.13695083779421854,0.0024788028710369257,1.250007275799378,0.5816606044445127,0.021049687335602085,0.18025979598010963,0.030556344487814344,0.022501863496163944,0.067652162127532,0.030275318302564115,0.0,0.3486976318829683,0.14076610707265408,0.015341665472434018,0.49845257971148493,0.11121818915298526,0.017879542440947464,0.17926246742680443,0.1166098705235014,0.01790314810443879,1.0465596168522406,0.14701198901794948,0.03104870441578345,0.3748578811175505,0.17625327275249705,0.04571810536127292,0.22894745354252438,0.11752654530518272,0.01869602789668316,0.4676055154986948,0.37343961473108317,0.031759906472240695,0.5243436630476382,0.22044089017224774,0.017735010974208334,0.38311211358425423,0.12120312037821208,5.7770325855336e-06,1.1595770593127197,0.31581014116416206,0.02690274522604159,0.2745502457783165,0.15425560758238244,2.8052903654438626e-05,0.25256314365949806,0.20077583947758607,0.0,0.12337202830153363,0.18859326171991897,0.0028902142486903854,0.015560263562687655,0.10859236600318786,0.013094006421058612,0.16190502625348696,0.12377618955501418,0.02065877986062418,0.09479522302651215,0.03241614894762296,0.013012418236278188,0.060833489536747797,0.06337623354643225,0.008175202033922553,0.11525687388653397,0.09492404827005226,0.012434654960056047,0.13561256203694766,0.036453771935485844,0.0,0.059724229813650595,0.04069303796763096,0.004442749796316906,0.16471344228591417,0.059179430039050455,0.006898305283218245,0.07872016288239822,0.006869576769194203,0.0003128179145766418,0.1063838778057184,0.012315726488060157,5.7770325855336e-06,0.08904216573925464,0.029664568735475662,5.7770325855336e-06
39,0.538018073345449,0.8330883862957082,0.7853776572833789,1.1776643713093202,1.1203725846838917,0.46155565254026976,0.11531568727183952,0.42926911906104936,0.3355938959166427,0.044884353695681445,3.1284212001369243,1.0709609576319323,0.141092739932364,0.6857814684502574,0.2876492502625094,0.004154569285181417,0.5880702143997787,0.23600930285858146,0.04433436144325776,1.1543192097963466,0.3128401323407314,0.0012168607854951823,1.6753014877027437,0.6920098411951341,0.06716401876620946,0.9301590687006354,0.4464452067394943,0.08981945517415235,3.4466022180242577,1.5343055718960223,0.07236046322863077,0.40434434709963396,0.11080911951016141,0.041275971578482604,0.25148375683962165,0.072755377295597,0.0537417781185968,0.231695828666802,0.14608672342746853,0.007007070321782996,1.4456607421179541,0.5396074078857773,0.022944213729711484,0.6331683261624302,0.22768915597888184,0.0013713310699486343,2.2688462193549443,0.6855433913023744,0.15022527400802854,0.7737273132780214,0.20996436921966724,0.06129725652770312,0.5945938756535138,0.21607539671872733,0.0441917232240508,0.7265288527457516,0.343968238997894,0.05281472612081249,1.3446020171657043,0.6238989602853435,0.04036864123825683,0.5214617029530563,0.2695281572315534,0.047736875340100786,1.9931105874574369,0.8737106776918424,0.09020857800483058,0.3595166367369614,0.15431495656698255,0.0,0.46118357636313634,0.13188461585980885,0.020242495836084992,0.24793617137232238,0.0717098687831845,6.605250670474509e-06,0.16961272242493652,0.11276521131158693,6.605250670474509e-06,0.2891807992668377,0.09402581441668013,0.0264712603143892,0.28737888833253344,0.0945549636095333,5.7770325855336e-06,0.16567335348870443,0.11317604281783969,0.008060151563145213,0.14719947025088317,0.10344555447377017,0.0,0.35609285450091765,0.08493182007153915,0.007819226091856205,0.28756309088903603,0.042250129060516256,0.01674191058789139,0.20123809488596237,0.08265434965080928,0.01934348535186852,0.13169411235224165,0.045706697313797624,0.005262847024595767,0.09283428468153374,0.03306911136090481,0.003581688694590461,0.07309006243798617,0.04449390549778469,0.008306634342944106
40,0.4480428040083022,0.7260874036440776,2.1252649743216714,-0.20165409836608716,0.49073919709820324,0.3204558757220375,0.06734021773559935,0.25876174210541986,0.13291342841809525,0.040858343070125466,1.2240454362818884,0.5837674472461325,0.06736735415766863,0.3757229948309953,0.17331649695346818,0.037375087915595566,0.15821284240646016,0.10112511027010848,0.06654300017502074,0.4798564086038454,0.15029374332813178,0.013698219234374143,0.6365292405414382,0.14100169156979764,0.012804364220784355,0.18192173290494484,0.05327258767161591,0.007707021667030065,1.3072327916358002,0.47864339992974786,0.11101109061368457,0.17142917182058437,0.07503672604136502,0.031898895576888166,0.06834376043429391,0.059656474426074815,0.001565614628383975,0.18392801901648909,0.10605484406545952,0.037276621253306504,0.4384635373446042,0.2036779774725667,0.04298719454517124,0.1509941101946494,0.055367886898204745,2.1149114672211732e-05,0.8321161706845565,0.3435863206000499,0.05215127561989578,0.24852427387560216,0.19719461449269168,0.018402598867398867,0.24282548264312465,0.19917238949056124,0.0,0.38357303114233177,0.34753625155167067,0.0013185366212440993,0.5145374081749037,0.2567438602231272,0.10893585519062993,0.30355329350322446,0.08571474956781998,0.0020977227780486093,0.8022385523324678,0.561179387147869,0.08050081393842559,0.14981035184375124,0.06285119750707044,5.7770325855336e-06,0.2540647946876046,0.08629683491322505,0.01446391332184065,0.0743078283640588,0.14363892257523242,2.0611848706217012e-05,0.05795182592034906,0.08872833707584724,0.0006509723805138575,0.16752514640410704,0.015921584879894306,0.01598981515405124,0.09538409958835535,0.0669314063524116,0.004106448703018314,0.08654438024963952,0.01751517552270495,0.0009105302351285801,0.08732924651660103,0.03138312255164766,0.004553380488737358,0.0465156961760857,0.05541919534301666,0.0014595715784235877,0.0780293559891795,0.038427598018963796,0.003218590285840347,0.1094700187468918,0.04357174195135291,9.24851849549541e-05,0.03241423344698493,0.048663095761415184,0.0,0.01764464455057486,0.022279952944947008,0.00029465326837183276,0.01690491875834243,0.038937123656250086,0.004331771078393631
41,0.6695413096087124,0.8149943893212158,-0.8974996152344068,-0.5575126142423911,0.6373646894525025,0.25017383985257424,0.02184487961070238,0.24616423507309948,0.11079223010187379,0.02197511825899932,1.6210138156230491,0.3905562072153825,0.07067379426128229,0.6834789101346581,0.11808890207026958,5.7770325855336e-06,0.20053631705224356,0.07487535552213255,0.021287887806162795,0.928005943724472,0.3309426540307145,0.002082494797358992,0.8802480090417779,0.2543953929375971,0.0,0.5908237429997283,0.08442486186141654,0.0005087175168465667,1.4395431003388017,0.550731245552494,0.032468004294317544,0.3009285317387926,0.041584252898008,0.015970558623131348,0.24054071964923768,0.05791247808323584,0.003531168728460458,0.4824615212306608,0.0885959813433492,0.01364692667535123,0.501196605734151,0.14139648392306692,0.00227128881656147,0.3518165108597773,0.07358916606069486,0.0010020533360575058,1.2247612889073705,0.4429226357413207,0.03934541276533182,0.5700974767954465,0.24591833622270612,0.006191321847906099,0.2864798786672809,0.1292987353912269,0.01074083552518826,0.8196367001495463,0.2771935005512295,0.08867799251346023,0.6789853901459415,0.14307684282942104,0.046735612495251225,0.5863706092220258,0.10429043181793493,0.013906563562546688,1.3544351192245383,0.340556586517646,0.06584548518065565,0.34879050468560735,0.02594996562707295,0.00029088576659084116,0.35407833459202076,0.18226955747564694,0.019029534820960498,0.18058224182810786,0.09502772563269635,0.009179162250110518,0.22860611163326588,0.002897676298997538,0.0,0.35211923282357194,0.07994051133185509,0.008018515191981799,0.21652977310255628,0.027244596363992478,0.0,0.1366826495282883,0.02906909209292448,1.839608644337073e-05,0.24015687496645083,0.042633889123156535,0.02690687314484246,0.28371857268471157,0.07810871927334523,0.0007113213120737647,0.17190107568390575,0.06364400885007224,0.0,0.2571351631051741,0.06724164457788631,0.00018882591435340866,0.13246189253094576,0.011375226332686816,0.0,0.0471798143925397,0.036793296139008835,0.0,0.10572054271854164,0.029033232374464868,0.009723325368240708
42,0.5611950394500259,0.8415124419310169,0.020663316637230866,1.3824050577431408,1.9314484678908084,0.44551643669535884,0.0685330666667266,1.1311428791081797,0.22929685547143502,0.0,3.9341037778348196,1.052042194132451,0.07743595261898033,1.0385669642337119,0.2802505535043265,0.04764373073864375,0.6350216651374139,0.3022890100885284,0.014034886376796904,1.1956836513688303,0.24885492111584098,0.056230721659937276,1.5111565024178117,0.6414782172653508,0.08683993471589099,0.9430931049285582,0.36735681301176865,1.3964337293153147e-05,4.28061236454094,1.3678079069322786,0.4585093959345048,0.6202749251932935,0.17851283079750002,0.001984432834977199,0.34680446625407635,0.07961932770062813,0.006122171760324727,0.795856240983021,0.1544343004987222,0.0,1.1292694737524558,0.5102917827151415,0.056560169023327896,0.6683848410991544,0.24337739566737981,0.07387493139516171,2.36084709909919,0.880498784497684,0.054499416821556075,1.117793154439025,0.21754809764412675,0.052606553008479384,0.6742164945524964,0.35214369594341066,0.008063687528457212,0.8196528036809612,0.09318419715645518,0.021879320621277773,1.83188313437671,0.5795144285618608,0.04163611394527773,0.9896057766169246,0.23636735300822287,0.006405320305892142,2.5445145091194594,0.9523650829628598,0.039632303435885384,0.44154145487725366,0.05425190364015872,0.004388447924302073,0.48039724839288256,0.055145810451501506,0.004121242964938872,0.23178909951050847,0.1442768788122282,0.005742070138491367,0.1408648042059737,0.17119277340745342,1.2864698039528814e-05,0.2744214316117255,0.12856822907870857,0.03934634198479979,0.3224902869623178,0.05369500905169231,0.00015065723230512352,0.3220064597323605,0.05678009793453384,0.0003460534247966993,0.19384011923736458,0.040136068308494526,0.012584723089560101,0.29883472990113524,0.23546174453186858,0.00958590053064044,0.1925418490238498,0.04871194202227535,0.02419503914337932,0.20179655052076667,0.09200002842645807,0.0010712082795016318,0.20289272731841582,0.047919657859834514,9.556473345494705e-05,0.05993333522588047,0.04561669788496474,0.01158583914912975,0.11945609600896476,0.051351955190011594,0.032345612281390886
43,0.3473759364192104,0.8729806327098151,-1.4732702586892041,1.8772894010370802,3.10741017061415,1.1126201898508579,0.17597368728035057,2.067050283348235,0.7668411181762507,0.058545354018092764,6.36812147001495,1.9097834200379311,0.2865948066488945,2.013633348392863,0.4731911447973971,0.06729522598860556,1.4031650160359046,0.6314854950147775,0.0280591625107668,1.5267038942266835,0.5219145152128832,0.030874656280499964,3.164597231427744,1.092485224294189,0.11947548297745762,2.035053303517592,0.7699384974806578,0.06791826464842067,5.514767197626687,2.444968481263813,0.18736230919599425,1.0227326606770248,0.29731503235123724,0.028343980468930486,0.9841297371378319,0.13415124453854832,0.02913306469813471,0.7968073373905038,0.2252490849841926,0.02559823871493039,2.1371094360406593,0.8522596023705584,0.022815287506173107,1.78742498167419,0.5502062517452623,5.7770325855336e-06,3.6965413486415604,1.091426711048253,0.11540507959995995,1.5695474775559024,0.4405398549356143,0.0293829548110568,1.3921506688252712,0.43507943095177076,0.06617825427715635,1.1441448656944888,0.3415034830264926,0.014151340783697605,2.4248703764191797,0.7952009475271555,0.06439419884286626,1.734064403980641,0.7686140853782133,0.03393993752999234,3.2153796972883555,1.0806003500578694,0.06842371411576396,0.9433579744816087,0.1603831752486957,0.03484635063728675,0.6283166357830494,0.23171371237461783,0.030453714759926052,0.530922399396196,0.09648819531976274,0.025660308720860663,0.6841164576087396,0.2885973681928551,0.018337671302647275,0.3586521995495289,0.13490005968582122,0.019276616368491067,0.7087913023872257,0.09055669897532692,0.0007547871464308583,0.5379812746501336,0.2503003845319106,0.019219428735398267,0.24332645461674673,0.11133484372598051,2.703234193725444e-05,0.851484537787286,0.12400331324871049,1.3238982957249778e-05,0.5970378777361156,0.40510147116651235,0.011731183510243652,0.2549091367060704,0.10989713097072061,0.019928058701626835,0.16176911762317187,0.062106075741745946,0.005902304607954476,0.23789585394116433,0.18811474198058364,0.0013744045092497297,0.11351789069380441,0.07914935309326272,0.024986243955545943
44,1.2279680235804995,0.9291899598861202,-0.7135837940892575,0.5627685690080226,1.508009779071045,0.2692549984814574,0.08922250660678784,0.7463368246243082,0.16109109312332553,0.0,2.7502554047136973,0.7495319649377898,0.08985951488964836,0.987732546021098,0.2086913822589317,0.02809843208467077,0.4198244152145479,0.12922504930063217,0.01443897065755051,1.4054259633669588,0.2144052401942635,0.011454194801115848,0.9505416105946818,0.37383864669433264,0.07132614950728665,0.46291084877981575,0.18015402890995186,0.0,2.1273086269698656,0.8725596874408961,0.2219863197171265,0.38506259181298175,0.020111973948284158,0.0,0.29978608516889516,0.018275337015411612,1.3416090970462884e-05,0.37802644898723503,0.049340449670763856,0.0170456319290686,1.0721529458651748,0.15903107735811733,0.025936338824335527,0.5821502911569495,0.05315450717005018,0.011637688504223842,1.7673279990112214,0.4328314796761909,0.053605432945392384,0.5414261198837309,0.20397001121252434,0.0,0.2634522512055686,0.16103036191469755,0.0012082331660359972,0.9737982833887272,0.28994333871908573,0.012437338525055843,1.066122406200992,0.3867096732038293,0.04878264760505215,0.3940733469035869,0.22232836819764484,0.007895026412124237,1.6398067252686128,1.1948174811489205,0.07441172263651095,0.6491110768401271,0.10074570201485535,0.02002031191860513,0.2518956429997928,0.1383348717407974,0.025561135693321666,0.21194356284583232,0.11180148416455588,0.020495023223081884,0.17772017663141626,0.06921423457095681,0.0,0.18159765119802743,0.0789475356443972,0.005634983147792841,0.1853305323555856,0.0515603274726498,0.0,0.1415948631815817,0.08276437341311148,0.0,0.1323329952851809,0.01594226104863129,0.005580905374498812,0.20964979697575187,0.036118060353329075,0.0,0.1598625013227586,0.0037266258799123733,0.0,0.30755713269113827,0.06069554898927146,0.0,0.09285639287938979,0.037366155361127217,0.0,0.042614625487595204,0.04193266635740849,0.0,0.11976150933305091,0.027955396937271802,0.0014056342685554286
45,0.6441498628661643,0.7261033343880815,-0.3790330739132322,0.9966099099241996,1.1290926943028652,0.3142194623826113,0.053036184236324294,0.4001466645927712,0.15241265859913972,0.018699752955376812,2.2969603665991816,0.5780212692905022,0.04873501056060589,0.3910104235641113,0.1764213696306972,0.0062934083086405,0.23412481599434193,0.05946794638588232,0.022114583827324195,0.7089676448223934,0.16351280465865528,0.013656219614993978,0.8948796773360367,0.23172137464417547,0.05626752829934157,0.23826650086426013,0.1532359308946808,0.00021875272898054282,2.354254799957916,0.8441360877281658,0.17467125090175084,0.13121134599367706,0.03662646846696973,0.0,0.14164280021145506,0.016585662272514647,0.0,0.2116689705026234,0.06564715837093754,0.007154507973475716,0.8770126046028162,0.2756170499138055,0.02390092717937181,0.30403147675040015,0.0763701292342643,0.001043229907713595,1.4887498853943153,0.4332588086028227,0.06265428470050324,0.38970056343617643,0.15197539324342202,0.002011365225829363,0.28422025639777826,0.11506611244355493,0.0011136739060016133,0.496905303920289,0.17056782242280988,0.00656254180236687,0.7995276199957136,0.14447455332591114,0.02065357400298691,0.3510745131875668,0.08390722599404532,0.0005965553311253114,1.357913660809167,0.32853847067943076,0.03868311010990281,0.17804440627997323,0.05460090473317519,0.0021430017945505172,0.2078994055042201,0.086929909635288,0.0006013518685436235,0.11234339982473932,0.035149632550326326,0.004413674455667822,0.030014760061014605,0.05921695577765185,0.003040625611809913,0.16735167271731127,0.023183883051121297,5.7770325855336e-06,0.11624896008593665,0.03465345312522327,0.0013999970983339554,0.09430200019028552,0.022640742379221444,0.0,0.11835467968950536,0.01734925607930024,0.0,0.09812013586157604,0.022878670148278255,5.7770325855336e-06,0.1467167236804962,0.017811763852452114,0.0,0.08666667659434574,0.04370318731862381,0.0019087502635684395,0.06705954600469231,0.01942079878741297,0.009973193492432798,0.05249341814230854,0.019363331697382382,0.0,0.06870538063292153,0.018354085210918077,0.0
46,0.24824136498514682,0.6797684133898223,0.3223717145058158,-1.3854406479977093,0.9377770389691306,0.43011683164293146,2.317719809505536e-05,0.36048173242213905,0.2642347795108652,0.0009076531621408144,1.685258725433541,0.6570172104869232,0.024356859388646394,0.9954893021768075,0.3286419038291347,0.009058522664110622,0.6320697465286249,0.14314979218100904,0.05323091363024365,0.8017645847264098,0.5243024341815095,0.01397204135651863,0.9880510933299331,0.3331196891159995,0.026339605327751023,0.37910857404532217,0.3135824956740428,0.010919942656034817,1.5701055727751587,0.6917781651602655,0.14672341593000765,0.5167396265972038,0.08645713136366338,0.045125472717647754,0.3125190800367051,0.02923604545229048,0.00626139256684162,0.5427736671394741,0.11944759233451502,0.07545011175718792,0.8001654840726824,0.2549069229066873,0.06998010324946266,0.6669379006130246,0.09544418722583417,0.05967480027258319,1.3852457713537039,0.46066980257952345,0.007233864669516882,0.7071196987155226,0.23069972685582535,0.034770293216761144,0.5196960655544097,0.087406576846761,0.02215680769663946,1.0435133421056257,0.2882128922959204,0.02629973229905403,0.6928319719438416,0.4096448608746235,0.026068732696141555,0.3778509438893745,0.21612047525321543,0.041675219800209856,1.5225641455330083,0.4331066165883837,0.048632569505502835,0.3955406011891722,0.21016053491886993,1.0615709819625177e-05,0.49419740290158753,0.13075513280910653,0.0,0.34130172718496465,0.19039021089084704,0.00762409284847653,0.22749710373082593,0.06334133390808155,0.00016638502909782882,0.46249405033754765,0.1620172317003411,0.011193245625697477,0.3481953333349982,0.11640073679959761,0.009221603310560069,0.46716481172682855,0.09506896887850874,0.029656924244008183,0.36875081470124293,0.19591451305920493,0.0004417785394924557,0.3782135016209777,0.08560203326218142,0.009649431426424927,0.22129206324584413,0.09241625346006435,0.008739540762679764,0.4411760211105734,0.16616007832162993,0.011744157370050374,0.14745652419669025,0.07170774238710656,0.018382292262905536,0.06233454132736373,0.10265023690014022,0.0009557507948205448,0.12390163100091882,0.05858655057688202,0.00038296651040008916
47,0.13940304492058297,0.5894574878066956,-0.9792698646004228,1.0880714850443305,2.490625197228667,0.848042234094955,0.0014854381870265856,1.5944677492576225,0.5547297624076721,0.0016622635086399754,4.756431150465944,1.3660413421301145,0.20718737676154841,1.8952805318830608,0.46468905534319527,0.005163099558492416,1.7149769491640616,0.34867781923948593,0.019047171920925962,1.6942159109030617,0.5604885043708597,0.014859006228430607,2.362576452252142,0.9285599619277592,0.00013795770536991706,1.4309775245841765,0.7261639195346806,0.018480361615948203,4.286856967191143,1.6655751264788097,0.06041391426923569,0.9329441664628113,0.17895649927723922,0.05698807381476605,0.9973595366790151,0.11195431824356597,0.06956521441525719,0.8492468299660221,0.3284679640019137,0.00847873464245793,2.3017427361939777,0.8676852171936335,0.06272387118851595,1.817610595540948,0.4298555813368271,0.06099886118138737,3.0155273067222836,1.0004919772539438,0.18569977810628147,1.9672392055499939,0.4196478333580759,0.08303050212890768,1.2441212629910559,0.2865131431078709,0.022658242079062797,1.233263141297853,0.3878770130153891,0.04896477444159881,2.1877348035126203,0.5662783319320166,0.14380147025735526,1.6073774797456624,0.5030021409428213,0.08622139182714048,3.1803350147032114,0.9417105995328732,0.14922668512000742,0.5803872389658793,0.19871212965621982,0.019598191184282635,0.6933653250696111,0.1633484323262671,0.0005637732848879551,0.6150274403589994,0.16920561736694592,0.0013150662786223673,0.4309286848189886,0.28408694646280763,0.0,0.3166810524790864,0.17474273067703658,0.0013150662786223673,0.5978638700769072,0.1922215714890289,0.00513772980983058,0.5007589318979806,0.15239389127418987,0.037190990741241624,0.33600621222370486,0.15678077154527312,0.0,0.7140860386540038,0.19375336597347653,0.010472548427536789,0.6064465725942825,0.15390070591729882,0.03300651375901925,0.39785484336708266,0.16399456599504592,0.0012529624722169399,0.31108135974404477,0.09582162024122208,0.0033161134570100855,0.34378883858766196,0.19623529431955608,0.003473365646592569,0.1938761121073903,0.05726645029549243,0.00010079990162783559
48,0.3173353483379415,0.7392603875722437,1.942191660749284,1.681270718824012,1.6391428924188367,0.8171554196079972,0.08026222658934887,1.0552024682628283,0.49320539855579215,0.07582290545814425,4.179676986290558,1.4898868170368038,0.15509989543274105,0.759985537359404,0.4826302139174394,0.12395235725219185,0.7553722317060331,0.2873300316244696,0.14011378944574857,1.0624995679679718,0.2690705189671076,0.08169709507718442,1.7797641557355137,0.7950163745246707,0.0195072340503433,0.9082475301232549,0.43225328242860356,0.053604598214656046,4.316335163682796,1.893227486905815,0.3105094144891384,0.45093049362396276,0.20225167916312686,0.01516451410279818,0.3264184331757688,0.059164860239756895,0.005530862648139127,0.4408310207093808,0.12874553364145078,0.02080837061215922,1.2775862313015272,0.7076496693246013,0.11359216299303942,0.6950849893792836,0.3416605317444786,0.05412026463828677,2.4408548128152465,0.6618706212245405,0.07251225580444845,0.5578481154433264,0.334642718412661,0.040962479763657,0.6356167109101434,0.2545522038757965,0.04474708694364666,0.674220066827495,0.33552061489017887,0.00131543708427902,1.6170893941629443,0.43641273494584903,0.033572467846178664,0.9788846878536976,0.22467036143506608,1.8040178001609934e-06,2.156626940836088,0.799420564307856,0.2557781811985818,0.31307398035018175,0.09341376624035339,0.006284676632217602,0.3507695889984636,0.2112340114780664,0.0005764597091335942,0.34366667875240653,0.1135997096249046,0.03546234139226232,0.06927271719598163,0.17865846778009614,0.018181277775563165,0.22970489926673954,0.05711511113678246,0.019299927666227734,0.22906606142145708,0.1134918203220916,0.0,0.1981591740043967,0.1542054368182292,0.016782365303839256,0.15333944927532966,0.019009258481717323,0.020687363070386808,0.2708173710933761,0.13810189381842997,0.02815783878751583,0.2622075558631875,0.13345557345917972,0.020783547575456345,0.1597679660922014,0.04974480845475597,0.009563926382377448,0.03629255533950332,0.06685228668841021,0.00031823312116571,0.08609072773638518,0.1345117972680415,0.0010914948852264604,0.055690317369602886,0.019364093656482242,9.15366168926435e-06
49,0.6962209264538136,0.8966148183293433,0.8667154756262947,1.076228164890716,1.2790632990439121,0.40940296490646855,0.07547743108289423,0.786776687553663,0.2202995038123867,0.032650901937541985,3.1280299641509988,1.0088184272871277,0.1572325822179821,0.9725535836211893,0.2448555492288756,0.006836269259795387,0.6456815086960038,0.22696195957053164,0.039270594171146034,1.0638318130951245,0.2364319514752368,0.06470302321739596,1.5698401481508202,0.5171095422039688,0.09358139901166042,0.790992704743975,0.23290296914035075,0.06259090960495976,3.222784985861772,1.1821887571010083,0.11896231381951411,0.5077416342693752,0.15590535518196244,0.004950561682619544,0.3298052587517616,0.1368509350785032,0.01989822300763561,0.35178223001136444,0.2083197413881028,0.022398280385992023,1.0531584540059211,0.5338046933004975,0.10322557407002139,0.6024025162926039,0.29851809158222514,0.04219747123289344,2.259895638608062,0.45505986612792065,0.14807173517488448,0.6477412681770508,0.15110296446053673,3.5233179737296315e-05,0.5713977782782553,0.19895090502839982,0.018719860798598893,1.0154174074705073,0.2750379471652675,0.1827002435297942,1.1017051622426708,0.4744124548237062,0.04680713710447133,0.6743730617962251,0.16719440654931642,1.9887710073612415e-05,2.0062091527286587,0.5507866911958827,0.18370548976994244,0.39152154269251815,0.1737411748929682,0.02341341169085468,0.5443076493241837,0.09965749510210944,0.028191077995946993,0.3224301044966232,0.08296302845516665,3.322772322557297e-05,0.1886102591137123,0.1311832624867682,0.026148939995293885,0.2287297331213401,0.1265283354658806,0.0028943992915645184,0.27728469041639825,0.15373798358346072,0.0,0.12880485883707818,0.08278145484015215,0.0,0.22658529952074205,0.05650539571739022,0.0013373172705906898,0.3081640647479551,0.09121467664030386,0.0,0.20255006399456896,0.021468455392193754,5.7770325855336e-06,0.23796928099469034,0.12246103246029132,0.013634180699135091,0.13113783588548264,0.09402708170905427,0.0,0.1399430509596783,0.025202166675446055,0.0,0.15539647286933111,0.03377153450853731,0.0
50,0.7173302119871237,0.8522815908263831,0.07605372967080332,1.121860321507423,1.362206158786237,0.5638548388059106,0.042924832877079114,0.6543965046412189,0.25795902752621286,0.0380157516081016,3.067321098537998,0.7924357269635018,0.022448156177956667,0.9671596243675591,0.31032890969962235,0.033674457541118155,0.47241149028377044,0.2166321200457182,0.027160943844224458,0.9973552559685447,0.43483788134008594,0.00044865600243807364,1.252218939075922,0.4427374558186652,0.06535563214018104,0.7679270138435188,0.16596987878775182,5.986364880806824e-06,2.7586264287152944,1.2495677697160033,0.04161031262665783,0.3490666937176024,0.11122101045410417,0.030536936230432507,0.4094546415534158,0.11086165692592567,0.0,0.401616283971898,0.12978614731540286,0.012808770511950372,0.9401966036203416,0.2731956297709257,0.010285368468140408,0.4151472421905243,0.19048091256359956,0.004896550559095984,1.8874489144509257,0.607942446243049,0.09428996052190365,0.522060570383328,0.25676273936974114,0.003895603451362994,0.5727478016270625,0.20785401604216847,0.0607920166539221,0.699984762104157,0.1674745260340611,0.06433506322243392,0.9449039049214443,0.41657467171165086,0.06413151151899169,0.3399457885033867,0.268433393642837,0.040137799841556826,1.9763780993443256,0.4973423392129251,0.07458058414233618,0.3219281595312273,0.09373819405182576,0.007963823972745561,0.29733543303065474,0.22381976111807972,0.0,0.2547340531712836,0.04366704942756397,0.027302581280838262,0.17280744458099997,0.08318272083724627,5.7770325855336e-06,0.24427475561977446,0.03003965893379094,0.017190139065292223,0.18401026118324423,0.11148077960643005,0.032781342764594365,0.12757021463240759,0.010478245733214148,0.012246439366940068,0.18855223405343918,0.10120332533745645,6.426661650250707e-06,0.14864267495464878,0.06671484999738009,0.0003136241680286532,0.24838575771128285,0.087564850589589,0.002674151795431242,0.3003967495794225,0.02726533940492073,0.0012112889194770956,0.1090932052545742,0.02370845859198905,0.01158359005762867,0.046106796105038796,0.044020816212760716,5.7770325855336e-06,0.0774526712915548,0.021543498040820442,0.013540038796321804
51,0.6097372835028189,0.7976735511339879,0.42799461620278123,-1.2867634220260733,0.373496990666537,0.2118876328167599,0.0381479186152486,0.21949447810922318,0.09670563766303789,0.005547366337337137,0.8572022635730858,0.5680272216595483,0.035639752686138386,0.35582087733960843,0.15064926296031028,0.007642223110129751,0.1510736770669595,0.08696464072991826,0.0028320879000613424,0.4030763146932289,0.18158764358868656,0.015315434681656493,0.4877990535429289,0.18839039693105386,0.03876433826533153,0.2954237848452336,0.1266430124543577,0.020442294674561007,1.1837789012655566,0.37932310162995697,0.09281472406035682,0.13399549937627975,0.11732060854524398,0.0,0.06808999070822312,0.028540618503105887,0.00101128230122019,0.44117812518435506,0.12035815105705068,0.019671726733357396,0.39423610384927477,0.13556931054245352,5.7770325855336e-06,0.1493329915016868,0.07906564409857687,0.0041580717291307525,0.9029372253747548,0.18422111469356808,0.00016426337151669986,0.2396704363203967,0.17686297193776365,0.030773749588025062,0.15196681037224222,0.10334309333293062,0.016698778562688154,0.40826128125791755,0.22216090995394167,0.018772064622658315,0.41941028592979296,0.1778728510103338,0.010376930306105312,0.2859313360779874,0.07349515396306029,0.0,0.8543753965457136,0.311054239986969,0.05842570271332483,0.1383063523572268,0.031086284359622983,0.0045433842704289094,0.20763763177656114,0.07743241030672313,0.0041135153756357064,0.1480778559098127,0.059908939176515685,0.019021422586767874,0.08958997984400938,0.07896960588783697,0.003861072610268792,0.21010080460998726,0.07940477644880342,0.0009286168258353707,0.12143478549137984,0.02172412445820297,0.004229624295768893,0.09394966152665674,0.020680832496398967,2.133077335663012e-05,0.21034099619820756,0.031723415124351326,1.6451437059225415e-05,0.1234583367147572,0.053820200762578194,0.017467948639630727,0.11914953942158366,0.03905495873631578,0.04482237504749977,0.3083276852866331,0.05924995452621325,0.0015025443436486425,0.03890461004019158,0.014347021258597329,0.0,0.06728662729212773,0.013923052559010331,0.005860958279046237,0.0322793323332953,0.03425025538742914,0.005023453499066657
52,0.4586774923906862,0.5954533861981405,1.2576611047853996,-0.1092262328729271,0.4244514243314067,0.257823660763971,0.04408854865485566,0.06684947374853924,0.1018162685450939,0.00665236083103288,1.0271642425623635,0.3205600984880456,0.03671941740953486,0.13117783011485026,0.138634519853982,0.010860230036325491,0.12499961777460139,0.04275278547565567,0.011438870353956156,0.2517941134860088,0.13655766107417375,0.049735022827492884,0.3688651789300593,0.16463293569161394,0.006655953142594814,0.1831346930338565,0.05408390723944428,0.0,1.0481672944550837,0.33444802424696485,0.05404480824399341,0.07812321970846761,0.0544609046317524,0.022853917487211543,0.05846415783186085,0.01061367759460703,0.0029013876157892174,0.18152813958478242,0.13740791659789886,0.03870103985506044,0.23000671940122772,0.06160542727068334,0.00976012950947103,0.09151937172895548,0.036583541987539,0.0029284303789639645,0.7084943402115094,0.39134423281494124,0.06428172948085692,0.13725984344712655,0.07896366457349807,0.041319498250578145,0.12266849754365682,0.07126635072322413,0.014762402491478584,0.1530327138695006,0.14255571584878876,0.032614097161491745,0.2724776300069119,0.115495540436947,0.03633158293680599,0.22413424338960627,0.08784690383244528,0.0012192548094906574,0.619982137811987,0.332721106467999,0.002783855629872955,0.10568389137352523,0.03651128489394925,0.005640778806768584,0.12197517326898845,0.05153173853361767,0.005872521791802079,0.06345314728769219,0.10137662824565442,0.00653474872788498,0.051937913283206044,0.06667132967462477,3.424556007317841e-05,0.0380528727643519,0.013579952304689391,0.02565201709567991,0.06434827301950753,0.028655500108358614,0.001687332965332097,0.020451447265826917,0.009829151857768649,0.00028132543971881927,0.03383059268550873,0.022793154483099445,0.001687332965332097,0.06263867600864773,0.024021137127875933,5.7770325855336e-06,0.03322447482627261,0.0013191443988044935,0.0009741809054657819,0.08379927876512308,0.060428794841013884,0.0062323902823776265,0.013189427564675293,0.012693816786337924,0.00020031056871226504,0.013380344543644174,0.027486880131833563,0.00010805540971952287,0.010271599751781019,0.009041906505861098,0.0003101149142039785
53,0.19854446379916046,0.7541482011797443,0.9615027216524639,1.8006332272092977,3.04411379242615,1.323522301662524,0.06874447972061946,2.031169189583194,0.7295799113610573,0.00014895430943950874,5.620332585221682,2.051565422301864,0.09829408592486992,1.7640376347657343,0.45858694497641506,0.015489906152004202,1.0819003753400411,0.7165437906444047,0.08142657694392527,1.44258803347166,0.5879587418387058,0.06741984174991246,3.356557538398102,0.9548266482504475,0.24036592483160749,1.758083744186805,0.6520706040809097,0.16971617272426612,5.367281062243517,1.7228855833837269,0.38445469951034483,0.8201583464351945,0.3621926237965488,0.02674676651601711,0.8055628028524771,0.16475196357405134,0.04502847371022866,0.58433878999906,0.17334770543559566,0.01655727351575844,2.1578711456862503,0.7798454359646726,0.19554029928316274,1.2528514991340096,0.6498784707890425,0.05191769398274319,3.6639212982995977,0.7100571851759727,0.22027346190061828,1.2196591448149006,0.48880516725580947,0.05512127108218232,1.4478760557369135,0.4511816675329211,0.06300932012165048,1.0272083492445367,0.37900355310584016,0.052085657085887895,2.256132937190949,1.0536835919771241,0.04018094724191294,1.726660203901498,0.6199911459607621,0.0,3.067737742839309,1.2005757036748064,0.049456883674896174,0.6733793320112769,0.1685368400249161,0.06435836599227258,0.6489207896921496,0.21361373190373045,0.031745059155982545,0.4514485950981442,0.16990188025786676,0.028115236671998955,0.4218914514913741,0.2782537131429216,0.010225773955167692,0.2591419930825861,0.13948037282076137,0.02143687866959836,0.5739819289985193,0.187724909701666,0.000720297796569412,0.3186005383451518,0.14591262364652208,0.03725091554354463,0.19485631564795525,0.14348907688324586,0.035838766068428264,0.6743884360110232,0.24101187923065265,0.000580455347248842,0.533199639311059,0.2350502927051054,0.029255766590647287,0.3761362027186573,0.16277218839181878,0.01443410295160625,0.1061338651024948,0.07413396414615267,0.0,0.1600129387661737,0.17186308756600813,0.012561500519293731,0.12028002224799225,0.044974965524301,5.1527975350844134e-05
54,0.8860536461834482,0.8264779523204696,1.4615133331529755,-0.6598931117417123,0.1981422265150056,0.15622564010514922,0.0355360680913179,0.09121975638597792,0.08650166424905148,0.008371351437106744,0.5808018819234847,0.2976360752699572,0.05949183131897398,0.16890598421782319,0.05387949990354369,0.04343005734303179,0.048061024952027256,0.013256531044356442,0.028522521910471586,0.31625223049437434,0.1708113947390317,0.023699933129983076,0.18528411837901534,0.07167438967309908,0.048377473875972125,0.11239155406264922,0.05122515328571967,0.002256402595049968,0.7882483090597592,0.13188799331184117,0.03832745473458087,0.08731341569117601,0.08083037101312016,0.012975470136340931,0.046656903683387936,0.008163864117572247,0.01586658336414128,0.12197319573503396,0.08730955431740345,0.02181059399756555,0.1662032931311274,0.1467029142267034,0.0,0.1241635407859279,0.046386745232023865,0.0,0.55672701530943,0.42700756996420075,0.0049079176340350375,0.13913533834193934,0.0858203840790568,0.022284598434330425,0.07159868354423118,0.049922598065721836,0.02532572916797099,0.2789687968336636,0.11301664905431398,0.03721932046341085,0.186435022366399,0.133823022828823,0.007239928191669437,0.05535750797780764,0.05015508376725185,0.04051703020795163,0.44533701471855863,0.2624076958037011,0.022593393499723582,0.0970725417039186,0.04465920588083929,0.005401013685731754,0.1045991462387179,0.0620311039064054,0.026068645704109855,0.041779907493085,0.024726833896090025,0.00030233988781424903,0.024979367971096816,0.01342187136734798,0.0,0.03826714524712453,0.02199631985604223,0.0,0.01740420336389087,0.01414414720113886,0.0,0.013437791440736487,0.01139665159309352,0.007035412718743692,0.06218001874410886,0.04222744335241924,0.008516227423834443,0.036984760912099325,0.0402525840228395,0.018484711605890963,0.014867596529937731,0.013316761866054098,0.005532850556647076,0.07426322143669196,0.05135624994102894,2.9877424026011174e-05,0.012551452159231547,1.15540651710672e-05,0.004305175049407035,0.00605801166049577,0.010576153552440414,0.001563273162886085,0.025526773689613137,0.009576823769712138,0.0005047087984344038
55,0.44005151574229284,0.7642334652545265,1.1161926288786632,0.9433039952559998,1.260127852300497,0.6515112166391157,0.0574741957432831,0.6381672819933867,0.3413642013025543,0.006681400655106333,2.7448935065091256,0.8830107268175024,0.14153381406043594,0.6913041104089673,0.3748869583975706,0.039860566381360846,0.3971516708344286,0.27999749182599254,0.030313817187573998,0.9711784776995287,0.4063328146356785,1.15540651710672e-05,1.136980303227171,0.5288799329167991,0.0730784730798083,0.60939346381498,0.2342346113958092,0.0039895544259488085,3.2711575296369024,1.2525877514531727,0.09061044108590846,0.33599373099695806,0.08189330295608074,0.05516873188367147,0.22676591604531243,0.07379835010689773,5.7770325855336e-06,0.24815941072906128,0.25360871001761964,0.007590666801449038,0.9711306295705346,0.3780335645705448,0.05618635328893668,0.39794713075966787,0.18316187526706396,0.06707700468867522,1.8170357531395271,0.8681708326712091,0.0758596601763259,0.5264158082563333,0.24795739398976055,0.059505854963366356,0.27498394881496524,0.2239530756518146,0.025842750736594658,0.43561424360853024,0.20943167928857515,0.08326603893457281,1.0322684516415102,0.40913043757805034,0.08813376519409866,0.6131940403303305,0.2327027628896125,1.0501627464219827e-05,1.9630242714323785,0.7619908333568877,0.05479595652661404,0.31674527209946307,0.08969082985527435,0.0,0.26966250330525815,0.15168289623288916,2.4929377044476964e-05,0.2720227744771608,0.1690059366585215,5.7770325855336e-06,0.2685865450428412,0.1501653328174461,0.020698691376256836,0.16199706327258884,0.031101180938667573,1.2418872618348626e-05,0.17147324101019967,0.057524588629731255,0.0010805479099283719,0.11466813460346317,0.03312640508424322,0.00731008258559475,0.1346192102627951,0.058014023265068944,0.0005698562537543033,0.15998149368982423,0.1907795868318638,0.0040099604108552464,0.15202606890419887,0.13598412129572834,0.0032971524501278953,0.22981061345693515,0.09345799970505539,0.02707795852637481,0.08702096147689825,0.02997912198791208,0.008489447972886978,0.13161372263312554,0.012515277087937773,0.006487920242417431,0.14188361903717178,0.012334260528060316,0.0014911785220226628
56,0.36979699272381894,0.8861130870745092,0.5154214529739553,0.4969958579805024,1.5555303882966753,0.8048761321465112,0.03405715974021292,1.136244502959599,0.3958115999775915,1.7773897361419073e-05,3.0608858513221184,1.0173814812569473,0.2006741633040115,1.400936617995161,0.5329200491357304,0.07398559106876591,1.1579994574438892,0.42145700121750523,0.09725850915364295,2.023597849135861,0.47984434300227646,0.050901953369734264,2.269154832109964,0.7204415275519531,0.16003595214558305,1.2623206276082914,0.5536710324252858,0.0880757792550156,3.7062718554809595,1.319489503754311,0.13280565869934588,0.6322480474428143,0.28890948537991396,0.03064649335468561,0.6780905779069626,0.34278877373739636,0.0003310269171961374,0.8708995059600793,0.40138419862598457,0.025529869281849284,1.6405468480280672,0.4065919560723764,0.012928235473063038,1.2398153726296053,0.3622289552080393,0.028978383716809428,2.849195655370636,0.6995960614964704,0.06844045406891353,1.3763951714103244,0.5313216778227992,0.010459215148761355,1.1279221562623687,0.6292744527947675,0.07145828232383443,1.4545769223599399,0.24342776400938324,7.792949652781793e-05,1.5323299689220715,0.8042619266968727,0.048049940760386926,1.2746203330229366,0.313196676436475,0.10466702950130959,2.34453018580622,0.9246221287300238,0.07044822889416155,0.6839483028573835,0.26345661304595297,0.05975955693724438,1.0270271363153571,0.1207668497184814,0.054043480000595744,0.506193267098352,0.25057810572512396,0.0001237309584067842,0.41032194997613636,0.26749679786864944,0.06368756020240339,0.45630605716420053,0.09836288772428148,0.03512066822259094,0.6483360708846143,0.18686988647884417,0.026414396670830575,0.4505320968488251,0.16494087556643997,0.0013380298871911135,0.4223776617160181,0.23994633479408278,8.843837894187516e-05,0.4754464087707156,0.10326690789273747,0.0,0.6948496216953943,0.14232114958322586,0.015924746762191574,0.47807377951331065,0.2533858362043138,0.0007764375620245085,0.2688501902599301,0.11376184800652563,0.021728871233935167,0.26425773014896903,0.22532507368565302,7.628426740983232e-05,0.4227393737011249,0.06393693319327667,0.041093949332304695
57,0.48020225646614667,0.6954814313551027,2.2334648167416438,0.8998960915700048,0.6451993706265233,0.3252484447124108,0.018073592453655633,0.23403898133280254,0.16149345885164787,0.005520236307287419,1.6035524459589765,0.7720179519053074,0.06322088812185149,0.401329870031704,0.10835063993215732,0.04447351305267864,0.18684388995877105,0.06434488524597323,0.041190456979005426,0.5293906578029659,0.27628759270377445,0.01429716332582415,0.5539626483067661,0.47907419825956005,0.04280332249367624,0.20681391647412467,0.20701765816083098,0.01799273991556601,1.5485872195607238,1.175001465821658,0.12167722205947591,0.17382107061408686,0.07578904920077739,0.0,0.10224140109345736,0.0659362680326406,0.0,0.20161679822309558,0.12148879681344157,0.011686142680130449,0.4612484565934325,0.2307263684871947,0.0511224612498361,0.17176951248008096,0.17802883606959582,0.04848352679554625,0.9105594145569198,0.7168146187716095,0.05666879981077849,0.24039983726673592,0.16099303543785531,0.039205991796137554,0.19962742844140222,0.12781712797284334,0.03882711161272324,0.3402922677951299,0.16973442822135776,0.02569675993168467,0.4680020408889486,0.20676100521023918,0.06298689848165637,0.18930867481017638,0.12041833827287081,0.036033411956494316,0.9491900074328905,0.4546606009724661,0.11559186984942485,0.10187098852286315,0.09116334908069305,0.0022921469880992293,0.18805018060371825,0.05478083541842159,0.017725031282731965,0.09414266929198058,0.12260221088954495,1.15540651710672e-05,0.04694586136895289,0.10597211594562632,5.7770325855336e-06,0.0837187286308202,0.05116358600919003,0.0,0.05617111477329654,0.0501916530623809,0.02142989162499003,0.04524697923226165,0.010476295728422234,0.0018067896522622553,0.06255014779936645,0.044079110063317675,0.0005068709827224865,0.06149643542964256,0.020154538503338256,0.011989676268255155,0.035212288653595526,0.035789402758336294,0.029613231415922862,0.09677329990730917,0.04296672716958856,0.049097998636264906,0.027292477514761573,0.005274023567775208,0.02005362518943433,0.00633285300068579,0.0028221732265291525,1.7398529085991783e-06,0.0206410874279385,0.033852285368893426,0.00018709443970091192
58,0.7228894515024161,0.71395607392096,-1.4844437610789247,0.2661670675524721,0.7548319526588041,0.151413094092511,0.0001657650178593001,0.19497929568682806,0.04298436429552142,0.0013462123708352397,1.708447737944729,0.5085532425260619,0.013465791987541513,0.4935858738819422,0.0343733877888561,0.00031217306320260527,0.22683934028476477,0.03766715915756287,0.0,0.6426380831428518,0.1517137496255589,0.003611041755368806,0.7058802050290196,0.192099718128921,0.0,0.3933288006688785,0.06705442551578426,0.00017537228796119176,1.5528374034789607,0.37131343461574773,0.035974948074925774,0.21344211078580794,0.03294357245058169,0.006512393827574256,0.16514947833769666,0.01925211578094018,0.007590016969376801,0.45834329168689864,0.06534221016335767,0.003683634483267657,0.5675133343823725,0.09500031694750824,0.007048546222133606,0.22846251603246454,0.04634854075222734,0.006773325931924723,1.1269479400304558,0.3041363145973474,0.011110873491546349,0.42878663222307317,0.1303955532073755,0.011266840991909471,0.41668543330058366,0.0368273612261116,0.002020090083953754,0.4645960315402237,0.09542771717180533,0.009524432890753168,0.5479372893327975,0.10596182222653622,0.009763208801028548,0.3531775169847467,0.04587589223246612,0.0013796546664569757,1.327695896881468,0.2983705763273444,0.06708249145906738,0.16885748474269052,0.05711559561375988,0.0,0.26569387362837127,0.028747959748929134,0.020631917007676952,0.17078616125705665,0.04561977774900768,0.004220187511943982,0.10361115008433608,0.04269160252077352,0.0035329810267202277,0.11878596940430802,0.026564028449255567,1.6470509484578265e-05,0.0847013133622567,0.021069628858453336,0.005240984222444553,0.08640649897406176,0.012380069376655619,5.7770325855336e-06,0.1410536535390227,0.008738973438376834,0.0002941406493217329,0.21328561367055793,0.04880695275389267,0.0,0.09053199600951807,0.05327396820357744,0.0,0.14620368377893692,0.02247037239845758,5.7770325855336e-06,0.03354220369362057,0.02339609166165338,0.0,0.054799654156706894,0.008917765592983658,0.0,0.05666309579131229,0.010194671525556066,0.0003657025744345899
59,0.6816195581114767,0.8030018583198397,-0.03498262814184244,1.6695036359219408,1.357268736814618,0.5810181856684338,0.016264927038614187,0.7311225083921704,0.3222063270248417,0.015684723576756605,3.792192180927457,0.9256664531907917,0.1565513541687441,0.7503633209809689,0.23256754933424942,0.020911285841671887,0.3970254130645823,0.1250254685202073,0.024841872695587148,0.8080028192822672,0.18278915106489343,0.04158075639209502,1.676228517380732,0.48846717069155876,0.008468481713566645,0.6301512644811833,0.2293045789842222,0.006430518197493534,4.131077861567962,1.0959581625726647,0.0694035883879998,0.5036931580875843,0.08191635214550205,0.03326065049321807,0.38900808068963916,0.02063761885115297,1.1689528454315029e-05,0.48470914664712816,0.10782036520446948,0.02086986151823126,1.232018252589247,0.35023756284320917,0.028614769417745496,0.48710118055592655,0.2460101378023151,0.09143535959553481,1.8808778203685188,0.8720969495993214,0.13652892004514702,0.5175448174922147,0.23799139526041835,0.0008838651202247548,0.3441606876089224,0.12114001361682467,0.016153434079078613,0.41842235952412027,0.1831004461398737,0.0029066055383823986,1.1025042278303119,0.3907483253979719,0.016487146956429652,0.7227530883931578,0.206501785839863,0.019019800953448324,1.7602826048539832,0.6156160639141761,0.026556151687446426,0.257707105166358,0.1000135042643356,0.005756375010952922,0.14946271128981886,0.16629183605691256,0.008865875472508257,0.14784738664240576,0.07960142643936151,5.7770325855336e-06,0.2719160583285273,0.11473173777945102,0.0006681243303678323,0.17458990853905876,0.047114773025106804,0.008842640935929718,0.0781167612007828,0.026816954310202673,0.0013856521924738626,0.09964359064349376,0.030203562749040146,0.0010564423197331745,0.13953103005801995,0.03354965094174632,0.0013233880868242368,0.1790840582692989,0.0919452382002164,4.852089916563365e-05,0.17135479039491533,0.0892973031335854,0.002554157626917686,0.10121864496868413,0.032351414480192894,0.0005703510006591031,0.07592170989934875,0.04932156793928251,0.0014071646063746723,0.03562063468846924,0.01734813987653919,0.01147538448337141,0.05832163691629575,0.030773697739040498,0.009568403634822212
60,0.29461105170218876,0.6222723464048543,-0.4960887439708837,1.6750337056983753,1.893314610240111,0.5230288651856255,0.046388842651527436,1.1517987942516088,0.45849027044223106,0.02003674478302326,4.665537977578859,1.2162227789365043,0.1134552698100301,0.9431738794843165,0.3432818247897709,0.07337126208246608,0.8928784691641902,0.24391116179268418,0.02494421972058872,0.9175533760706569,0.34995679265080315,0.010557185584711765,2.1322897146273885,0.6624207806064695,0.03394543044620172,1.204443582027732,0.4591623336941991,0.0016941858417806246,4.403048122389172,1.6094410755822108,0.15148951685780715,0.6016232937922106,0.06998737199390145,0.003763758465819785,0.5938280056432503,0.0844073135903726,0.03548499014690089,0.5428345424000165,0.0944885886653737,0.012455096656998258,1.3243030555434085,0.5389329171111324,0.038861396986220785,0.9096027619013228,0.34358637275853426,0.012903983739327753,2.6661983501044015,0.6807513365016934,0.041889257970882394,0.7393931279183226,0.4425306609199254,0.020069595176307617,0.7274924648613974,0.2897094877603584,0.01589677469207996,0.7121645862928413,0.26231924904673326,0.027607038880719484,1.411739293756374,0.42184356012458796,0.06630023870855568,0.6400587210792474,0.2681353323855928,0.03429526013130867,2.1943607013692703,0.8768157012033521,0.043913532241188505,0.3040472048896274,0.1267555020291061,0.004412914236262118,0.44879794866684447,0.10268992507297359,0.020935134640763672,0.3590431945990733,0.06535403084694545,0.00035416786948008224,0.19045887468569364,0.1950187779559624,0.010062820587316345,0.22023097861243007,0.042118818466652504,0.019309663063773467,0.24962563263296175,0.03098188918507772,0.010501841053908193,0.29091532838243667,0.024702911172394804,0.013340243722121831,0.11149806341935323,0.045250553279291866,0.0068912581143747076,0.24053658246162005,0.025226882780802606,0.007050844007376552,0.2520426002624562,0.0936554862529128,0.00016312603779554868,0.1519824601747825,0.08650103468105041,0.0061849332400421685,0.16291097057242104,0.008253787903620823,0.0003455991430993609,0.1762410760792092,0.0855455861805274,0.006077867278818705,0.057912659509347215,0.007159724440350124,0.004585674702689631
61,0.5035764772415572,0.861030019713652,-0.7052078402034114,0.6265970538161764,1.781451368204603,0.601678973610348,0.06960289159168558,1.293601540578078,0.32279729514291333,0.03700562566588665,3.523340744854817,0.8873136829656233,0.13225474220035807,1.2918284851406368,0.48101122668137,0.02128770903717499,0.7166754495031916,0.2083536512693262,0.010881232214695856,1.5574591116484493,0.49908778042289836,0.024250337139231682,1.7644303485066213,0.5194435204794614,0.07736538631238511,1.047605198008048,0.3578968215952876,0.004429585035484776,3.2754972984594986,1.2595366791230413,0.1706236791682106,0.6618498246783582,0.05498830507388417,0.0006022326017779204,0.6468534664996632,0.11979321453298093,0.024455447400207116,0.6754214036531224,0.19262078593259796,0.04538120633926171,1.5576339304260676,0.316662853978363,0.01097598148728041,0.9024259753319261,0.29551706009335493,0.04409305307297219,2.661945546817633,0.657990130403542,0.06734766580707033,0.9864741526657359,0.42026600527273333,0.01610333943685691,0.9061960808695408,0.42941467918465975,0.0033486784212562897,1.2050278658691758,0.34017556950460687,0.08111594516766486,1.7225130384909269,0.6105899578361697,0.03265540784445642,0.8481631616423566,0.3334727643913721,2.734931606055167e-05,2.3894921038947436,0.8957771936582355,0.14422831086427657,0.5606035266698584,0.18217925580062339,0.0,0.7103979432774912,0.22822220044388025,0.0,0.4495596006754472,0.14068878225481013,0.007190469262652436,0.3749925291619427,0.20201311290085158,0.01993996156922017,0.31986926459354376,0.12055882004525738,0.00011574642856913909,0.38588155427365844,0.07942126172978853,0.02525568040792261,0.2580015892004734,0.13621547820994956,0.0031242592049923077,0.3709753332980031,0.11427522164249461,0.014554850768513317,0.673654257552927,0.19638079944701586,0.005112787943911352,0.3343252123373772,0.14959134886409076,1.1643549917360299e-05,0.2909402785145158,0.143865804803059,0.004778183849668577,0.18224891374743366,0.10684023519975747,1.2519495567576538e-05,0.18646248497070028,0.07822086413453637,9.502470549268009e-06,0.22024554912214672,0.06123654875132163,0.026748801021757758
62,0.6836929631016344,0.6883376150916005,1.9336326856682602,1.604556532725931,0.5186754108329719,0.24177956346572554,0.044216098821936105,0.11280644181894126,0.07055801608565328,1.2072412250050193e-05,1.8074584203907094,0.7531502095055798,0.14945878163647625,0.17114828368422108,0.09001181013251594,0.06351592332080605,0.08423131803498102,0.09744619814991594,0.002351946735747378,0.2202361797277658,0.17394216124344264,0.004728582189399618,0.36302761518799964,0.245990522146259,0.0380969265237799,0.11112112210768932,0.12758136754140595,0.023948434673900672,1.560798908718881,0.8212363552063129,0.10801326526975859,0.059023539841404314,0.07206940508525322,0.00011008604862775493,0.03145062398925385,0.012442815739053448,6.394927486209818e-05,0.0902024142497125,0.07916997064659569,0.000888129895631314,0.26159606994995177,0.1378253290282831,0.0033216776056108057,0.06259657776578552,0.12459008584762878,0.0,0.7560109905726811,0.4750913722052611,0.028836175700767186,0.05309721151391515,0.1390012042705562,0.003729912405234179,0.04883134262350944,0.050480892658254437,0.006635549942991698,0.12406711357862592,0.11217319015136834,0.01772329965378927,0.31644011211737477,0.2166139124755725,1.0164490112377538e-05,0.11806508249798348,0.07673016444819943,0.0,0.672978470589481,0.4959189624259297,0.06902816218778321,0.06096689221709192,0.030414694659609696,0.007694896823901495,0.056056492821960284,0.01127236094075852,0.00022332709279370173,0.018739053950079528,0.04027874465285965,0.00011262057259544043,0.027116779507772477,0.05671707130004243,0.0008596189624586745,0.03329669343396912,0.010341220610398395,2.6669775162870868e-05,0.013347310390643472,0.01709613876263258,0.007016614430388203,0.008719537854858801,0.02498319375807782,0.0035883800335667713,0.00521728403985389,0.025916131949496945,0.0003592300526927608,0.01901824510638494,0.017545447204519293,0.002876793112118416,0.00717682220354406,0.032692840084802395,0.0024629216048352143,0.04219101128777355,0.017487542928830858,0.0,0.010989419842421638,0.00040119709248013054,5.7770325855336e-06,0.00807134752893755,0.007037378914057777,0.0015037107987573004,0.006075394474853269,0.016012020465415347,0.0
63,0.3106125465577618,0.6710136178977169,-1.103261323417206,1.0316747133465187,2.2554471333566877,0.47932368475884524,0.034010489273688146,1.2521518636558648,0.31737577333216016,0.018147151362992633,3.88994095196169,1.0532572354145318,0.16964747049906334,1.3034454644690896,0.4500478257179302,0.0152032915448789,1.0965498071840565,0.21486399550744142,0.0,1.0882419297887467,0.4736794509270982,0.020180549326960062,1.9501229150661645,0.41558013256051474,0.013692297673458283,1.2410421203671171,0.21648437362012718,0.00013858642865721352,4.338590399753306,1.3232663670886318,0.09895352434137805,0.5850792170593779,0.1753543221472674,0.04852667561877315,0.5970271763824887,0.04540900540454834,0.0,0.6063648761045914,0.10174079118501678,1.2193737738063495e-05,1.4803589602231213,0.5235510473879275,0.03448644777681997,0.9977943259650421,0.1563930184646824,0.08342335778438938,2.332425631550666,0.9340073879589507,0.08152151066984788,1.2140104558549367,0.2273057664597348,0.0448427488746296,0.982345939867885,0.17627909515817453,0.0014210112687883779,1.0976335770468233,0.2557223393897172,6.357788098740426e-05,1.599864246701579,0.5828611316717658,0.014441328527643448,0.9680708351803775,0.22258698216251357,0.011076737053422,2.582463863366007,0.892847328498514,0.046082780746919724,0.33703499489350547,0.1949844647362869,0.011397738897025292,0.477782427633089,0.13230972991467196,0.0009630129639457419,0.46996870333059704,0.10483464966892483,0.0002389447841590299,0.3310512808977823,0.2375548292448612,0.00013923554998468215,0.24342863768943152,0.08771691217897618,0.0012019111266790622,0.461828593540808,0.08618279967330894,0.008065363750584224,0.40154643860535955,0.10318234298772265,0.001721356831593673,0.264101932816469,0.044050228840701935,5.7770325855336e-06,0.38461727603305707,0.08597173610636752,0.00011301054205689449,0.3603878095006106,0.1344045430025947,0.00037705284679027907,0.2777997630522701,0.10817153431314981,0.00011630936651762864,0.139849662709643,0.022538000183458258,0.0,0.15614071705517754,0.10796288719526523,0.0,0.16128077573401517,0.04080235427792267,0.010134621332332543
64,0.8654506152733771,0.8097057380255478,1.4173808228357538,1.5575563008782547,0.6462816409525689,0.3679554306032823,0.05702044194106285,0.19436003249153422,0.13432069065868718,0.0160350512092371,2.251404510755174,0.9415376194264171,0.1911407494400606,0.26188068945326054,0.2336263912033224,0.03274234911906377,0.13772871006875673,0.07912574223034435,0.02783350345187102,0.31540314679617626,0.12213320613984695,0.003609067233053549,0.6764119316125694,0.32846206946441325,0.046616944940446624,0.2654602362682299,0.09409724565134933,0.0,2.4696768843451014,0.9060735821965871,0.08930349380332855,0.15081840553719017,0.05158140695279229,0.04920665177333979,0.08600822931876603,0.032907264583073456,0.011817525456083418,0.1738566618447713,0.09428216710083273,0.021132458684242548,0.46562209687223366,0.14701487873703145,0.020149494092134027,0.2390595049666853,0.045261773473288566,0.0011202840063881134,1.3422051195982472,0.4547734331935492,0.0696955442092716,0.21131947985317925,0.15160856342725787,0.030791068914181666,0.11889125762179606,0.10646983743657004,1.6889256238416045e-05,0.1919861615356161,0.10530628010622835,0.023444945735230153,0.5070883274700491,0.35746119832253304,0.04883680428101807,0.27722727603692515,0.06342758459622114,0.001350365491513319,1.2589674574370777,0.565350946837234,0.09829903120041429,0.13506029682202741,0.06217489186328191,0.01755431647118335,0.21638354260215611,0.08387304020521548,0.0007019232077425829,0.10265366217123087,0.020063322483904647,0.008756108367407443,0.051367817137833324,0.03203876836504278,0.00321967874093522,0.08516222641747599,0.016399775293285745,0.013024282477760121,0.05826716167006682,0.07325923450012184,0.0,0.03500270667655231,0.01868453877812628,0.010183743708257243,0.061858306252370446,0.01566651750186677,0.005323565843445008,0.07430574026795665,0.02649689247670116,0.00014738051862916234,0.0232697357899297,0.01816169889586766,0.0,0.07463660400875677,0.03772619848880965,0.0013403101382219117,0.01933901669374641,0.036773353500939375,0.0,0.008329354167420472,0.004736009920962565,0.0,0.02460625720521619,0.027741561720883608,0.0022325346133032034
65,0.6625675867841395,0.85642946996942,0.7475636824389877,0.9077658657498905,1.3760767666714038,0.8055463035308669,0.027805696668705228,0.5270060587718162,0.26946322870732553,0.015229624916155872,3.325839095562827,0.8003699700888685,0.12596719550725274,0.6965298578521419,0.2428603482338728,0.09762513784546258,0.39853683289501185,0.11971269124447298,0.05370066633557995,0.8910786806540554,0.33841669206802205,0.09905846732591185,1.3634916684700211,0.4717843824607498,0.08519230763111173,0.5010442771986245,0.1658952454557634,0.03321508102654845,2.851479682949602,0.899240686553274,0.11326869899884814,0.40048231579088656,0.0738215829055359,0.00022379411689847043,0.304575645857489,0.12620951093069643,0.04902531525141141,0.5518007892509309,0.16446458097063266,0.010292765541579216,0.9711994045923952,0.30715634049967183,0.019827802843938674,0.45554220216155517,0.14873243372898987,0.031570441930503096,1.9995094631084658,0.7554578930493694,0.00021713049857874055,0.6488703421574628,0.2568575131038585,0.017341210559482963,0.4383362821933896,0.19691540893798115,0.002447390717498431,0.6516661849929468,0.3350034070154443,0.03876020139517,1.2061546541480885,0.4963149908198332,0.0436075211740861,0.5691772850288107,0.2936174307391486,0.09413144537754276,2.092352577727511,0.9123547820118847,0.012905619505769683,0.27853305556055613,0.09974814555094182,0.018845341828735866,0.42258507755518815,0.1357179253864731,0.0015847986653289982,0.22829323840310137,0.0834175889829945,0.0,0.14680317429848494,0.08275928653418285,0.0118195655801745,0.20660469008964233,0.04925655263332107,0.0004061630179244736,0.1449551952929152,0.05196019298953001,0.0,0.1055055152538752,0.06755726134326961,0.05845664441334077,0.15195903397044447,0.07346944379564119,0.009574231540968113,0.17812154030461877,0.07304133341534583,0.03472673548599757,0.14978794353229166,0.08309622771497162,0.01039319243470411,0.20799918668992717,0.10987765685718716,0.009060838105972534,0.10379204665916482,0.06677169169857157,0.0001921381265700979,0.14728384110673404,0.036207680105537585,0.00015348727444589508,0.13104418773037438,0.035043390933796215,1.5086449035052059e-05
66,0.9638997222770385,0.7878240488748873,-1.4752913030731836,0.6282028604423875,0.9155430440789871,0.20858106185899344,0.001649342390764011,0.2655347305617767,0.04674934733916116,0.0017797366502549366,2.0532126497893706,0.5575980758324127,0.023878794784467836,0.3435811244687367,0.1746290695570853,0.0014116463568207183,0.2667076340467823,0.05387577461128227,0.0,0.5466086190720599,0.1005165303311368,0.002074981868447706,0.7932935109100816,0.16174280765649898,0.012010441777515295,0.4248810084461173,0.07466218275459577,0.010251053803651572,1.9652636423708998,0.5483012195508327,0.06579839396226561,0.20344694799351018,0.036264858177827736,0.009119438369566111,0.07851442526906045,0.036168362471212454,0.014695383057453066,0.3608799197111995,0.04704425806773253,0.003023301381240006,0.6507976735352411,0.1532208428043684,0.009126909688335244,0.3214892765683316,0.04226684158620799,0.0005258182330187645,1.3742949131226592,0.27062694702875834,0.016026335800881832,0.3975444669123273,0.08672696630486673,5.7770325855336e-06,0.15539962074476477,0.01867507484870864,0.004749340265578781,0.46193463479588825,0.13153544752867752,0.01051492670716178,0.6588487631840148,0.12972776742864747,0.0065276785755438585,0.31946352711316217,0.04093523133134663,0.0,1.4285139278887427,0.20441369605475768,0.027828225383903622,0.17887174869635492,0.06357169867394732,0.009019866391591027,0.21854609270084707,0.01763555040629047,0.0010601087212487618,0.16017752352915687,0.035337649475503184,0.0,0.07375638441155008,0.00535838193729155,0.0,0.12535270015707925,0.030428558715160522,0.011444014498880259,0.10136269016919207,0.044794636274487945,0.0,0.059571523503157545,0.007182919285276417,0.0,0.15485128908927387,0.023625603131250172,0.0,0.15818277518624332,0.013829708388214595,0.001646709169582888,0.07363769964637754,0.00790675032395136,0.0,0.14823029766963036,0.017410823731487928,0.0015328850329374088,0.020618970400719604,0.011063934553663599,0.0016075102566867792,0.03491699989857107,0.005116345508179226,0.0,0.06501308103352592,0.0015891789167883769,0.0
67,1.3776142850505986,0.7049114843832142,-1.1667978919108097,1.8265308593515215,0.45591525619609274,0.12426452011635272,0.005949084415367377,0.0794889522720792,0.014729283278796121,0.0034380694811999776,1.5416603505521134,0.43538192411203747,0.05320468303887777,0.12036061907156437,0.01805793440335641,0.0,0.059174071858143024,0.00328147468994382,0.00025247803431388836,0.1609444912377051,0.030218251065045866,0.0,0.4504213378784798,0.057456749128038886,0.0076803867243361865,0.09304754125817291,0.023146804642469748,0.0003469059464629209,1.8801514458918436,0.34045262893996314,0.028728452488092394,0.06374656859649788,0.010989577860498822,0.0,0.033920209861772896,0.004008826695007909,5.458088041872635e-05,0.08660163221640792,0.008357765272849657,0.00039253755904134646,0.28775090553791355,0.06056609320157935,0.0,0.060769524207788486,0.02229327120317798,0.0,0.7871952879347398,0.17261091772933793,0.008613236261523721,0.09019395553374139,0.021502236957374295,2.5197962575228126e-05,0.05145877108147458,0.0012787702823129918,1.552566453146582e-05,0.09019832661370937,0.020776284548504168,0.00033017570815489176,0.17730671111627935,0.030854758151897133,0.0035870740304871787,0.08084679505674704,0.0055179111187851956,0.0005094408093954099,0.7901642970308541,0.22487279362431536,0.010195079830798376,0.0464040250967894,0.0019712688465722524,0.00027693871802584566,0.03948916540658317,0.00859246796213817,0.0,0.015123981776207582,0.0038656878039031893,0.0,0.007186942613857596,0.003017363630881721,0.0,0.01585527348995581,0.001243182637659469,0.0,0.006686022270424101,0.0024183014231778767,6.298794043112988e-06,0.006950279301328072,0.00020719280236279527,0.0,0.01156178360172313,0.004173124207930963,5.8137089397611434e-05,0.017625699767967778,0.003734454212646835,0.0,0.011533788306415542,0.003294838432899544,7.595554622600396e-05,0.006299354785694502,0.0047894317813202796,0.00172959241528564,0.0023869888394292735,0.0,0.0,0.002896441581525401,0.0,0.0,0.00863219733556051,9.526975834759675e-05,0.0
68,1.1609595671791344,0.8752204421044208,1.4582867292495065,1.898325967465798,0.8779652857254348,0.284594793537419,0.06992171410714634,0.34652115513206877,0.05978608226077886,0.014137035178432556,2.8292843947023565,1.0460682229593163,0.17781166420236022,0.2547173714807102,0.13552117254811102,0.0004618000830658426,0.18868003143105955,0.12078849362038407,0.02432274126898731,0.41987819890363887,0.19279822589756646,0.018651276917973064,1.003967618141457,0.49789071165365884,0.029183754547082726,0.3628767187952418,0.2053728153503826,0.04010545321992614,2.9178892675134724,1.0920674228030895,0.07174786388635679,0.14848528652802648,0.04874294534118511,0.06592004780163152,0.029803416580078002,0.04108758525958176,0.012532711036723668,0.2533202599172991,0.11342535321950838,0.030440333144156194,0.6346520209462598,0.2685958672449945,0.06288006958031771,0.17357493991967377,0.1989858234253737,0.05829238868811276,1.5316574475608207,0.39196165073620814,0.10417853432875226,0.26898834017773204,0.16788948004201232,0.04619387016874653,0.13722761995288502,0.05684192588077336,0.014405747696416626,0.2819037042668366,0.1575875041260953,0.012639422467166206,0.6384325742688216,0.24720671780035045,0.03862498962626651,0.21681608951692766,0.1726321020917816,0.03461924782973218,1.3532576612964167,0.6534178328074995,0.07131812570459505,0.09808322326619587,0.10002116031609269,0.007942575110082301,0.05986781704359401,0.14520307768940596,0.00482005929850071,0.04722123599159633,0.037439301430859995,0.0,0.010137775568261512,0.0047512278390608245,5.7770325855336e-06,0.06712678918971361,0.05747254566285507,0.0,0.05594138112659201,0.019892563922644296,0.006533682319307147,0.019099747147784233,0.01342744530314682,0.0025578548185504774,0.053377491774428194,0.03661176568612796,0.003470583851059974,0.07022695239680976,0.03894925471621282,0.0061268450061872605,0.056744076627314774,0.014089957780461886,0.0016586288815398102,0.038421386995666364,0.06253178764448258,0.012330861233016731,0.012419267161355883,0.005254208310034289,0.002678593105972887,0.005905724215008814,0.0,0.01877435874436358,0.026313738832779085,0.013484112011917678,0.0
69,0.29224729496974733,0.5635778898317663,1.5875510371094759,1.1483380819459446,1.1970475347126035,0.48690150987526293,0.026295374980919,0.6132949438879584,0.3726348482695796,0.0,2.7686304161142434,1.0930908097492662,0.08108967068379147,0.5002502689379347,0.262244036183048,0.009437766441788837,0.19055454461373064,0.24846885290914625,0.013633502396934572,0.8701555849044469,0.30346648824867184,0.03815218727712583,1.2956573406517715,0.5672313993269376,0.017808094835700717,0.6810272308586993,0.25945877793926186,0.009251334159126729,2.9641561276750155,1.2119335431975131,0.015031872907022818,0.2737914487659623,0.11864784055780836,0.04126335184474476,0.24798826456960743,0.09143885742292246,0.054774354176239826,0.272111047029041,0.09973860912379384,0.010924144230827168,0.8098979969385972,0.4186905684753703,0.05115292721069731,0.43476302688964774,0.17443536560577683,0.040648977352398474,1.5557120968478748,0.7567977577488637,0.09446701934665641,0.5266688956365335,0.15966747867086645,0.0,0.3080351849033338,0.222236478420527,0.014873661028953628,0.37225116322416035,0.15578288423872513,0.009617108488416135,0.8755125979707052,0.28997161629487855,0.035730582507000966,0.3833392722589383,0.14459930724447448,0.011207914488855197,1.7731462209522357,0.41733294997145576,0.001034730709421399,0.20584059935248838,0.10076206708724157,0.0008343358889779017,0.3272600862718755,0.0796275018066363,6.175597504952771e-06,0.09330014444404856,0.09907445042850815,0.0017028286806842327,0.11887139679288068,0.16724277095459467,0.0009175248725247361,0.17762651716253866,0.054800109538441125,0.013655515168913718,0.15391638621525155,0.03530938038510821,0.005065726613165918,0.12980459277168713,0.018574558010668346,0.02362166942147479,0.14594319899843836,0.04331218753102879,0.0013495436334420617,0.14103070697587355,0.07616242141685184,0.028538814927830378,0.13784759808785635,0.08478866264288487,0.0001914529083673532,0.08872910709490894,0.05672832845261489,0.005715562267912161,0.06900972525576005,0.03295178509696879,0.0023255473104604805,0.03367219942695103,0.051357449854009016,0.004361582772720961,0.104620847929261,0.006502215352209571,3.0342585363384675e-05
70,0.600931216222782,0.8231365522849181,-0.04641429578687911,1.1622955027858368,1.5635166958573272,0.3831476911773672,0.010601111877455086,0.955538455069805,0.25320574880375435,0.017532767119764498,3.070672480440432,0.6825969156430292,0.06192190875807217,0.9373511545526666,0.44760686690618756,0.014508076675048621,0.5810334596838069,0.2578562939357918,0.0014075400896871326,1.0358321210024963,0.31297092153164324,0.027622517896332063,1.8391967582470412,0.4578737435236335,0.06309075474689871,0.700929363020232,0.17716036195147167,0.019517253981785262,3.530062102447543,0.9460398567554127,0.06866032763706004,0.5128526138964615,0.06052571516517326,0.019474550236507047,0.3274629898948648,0.015574931324645443,0.02398792283808896,0.4774648987167982,0.11804836186539865,0.02524367757598354,0.7409351721069912,0.48508755077718696,0.04332642071325108,0.5539002338848118,0.24564049933118498,0.016197561173878043,1.879514842991063,0.7992221839068452,0.06489841508291645,0.7012765897186671,0.39357714166720287,0.03338447790727753,0.4689687625247691,0.1971337076689526,0.07486050075244904,0.6661017226983803,0.2231508436644698,0.011555994748247823,1.1261367036801095,0.44641816398229023,0.04994802056747654,0.6537167202541645,0.2347793443638062,0.01762101619845257,2.278387545723816,0.44453691056630273,0.04323186796830726,0.48867402046613717,0.10768817549314162,0.019377136581911612,0.49761478935728765,0.04634476481249267,0.03662900776719699,0.2337071796119963,0.08710256251991834,0.02177852886126101,0.22883258099407283,0.11176456098849569,0.00630261731511611,0.2676124684609882,0.05488451082340379,0.011837506054957755,0.21450349625772663,0.05272605307681501,0.0,0.20004689592150685,0.09694802620176562,1.877316179868673e-05,0.1967733413814418,0.02079026855560242,0.0,0.33146074891680405,0.12969972156042067,0.028983138651672433,0.21994002385651218,0.06430937127845428,0.001722644491255987,0.16773453141272737,0.08419774938750867,0.019187041352091785,0.10203936188354817,0.020761364269704832,0.00016069997299165338,0.06170844064888904,0.071058945227929,7.638245988994252e-05,0.12794603622330047,0.029734676477680334,4.054655364716515e-05
71,0.6936086733078793,0.8410936673563603,1.2233281953834965,0.8456500230270365,0.8423473409711117,0.2715750513752045,0.05113945164541414,0.3315663745351839,0.15032281593990549,0.04988908196385239,2.360215032154714,0.7353071804328399,0.04295243493910513,0.5146431426464709,0.3041655539094785,0.036580472995130474,0.24451564228547812,0.14864171425996464,0.008306133562971317,0.7203214808682954,0.3195940111911762,0.024640927503926505,1.0281277202686312,0.38236901881162316,0.00017923427040917854,0.4510351264849678,0.20242522774384855,0.0,2.353432238032711,0.9306838718796684,0.06658016569276612,0.2648693633665107,0.16113472852691957,0.047059035027267174,0.16527822624101512,0.06317552538762335,0.023110410149880356,0.3011743124506735,0.1633220966379168,0.0,0.5748322003044415,0.37004363560134435,0.03050284111018007,0.4188476853394157,0.10293034173958057,0.01106532448640403,1.5204288722619714,0.5514905303106848,0.06388004781272776,0.39428594636977027,0.18184014241589205,0.060497446638885094,0.37258578858970404,0.10011663823341174,0.0025559167261089847,0.556573933918014,0.2700055406167535,0.0016686305690874926,0.7745683077950913,0.2806711025898082,0.0797255572890628,0.36916998196755646,0.18751551612373657,0.011885159718595401,1.362491781472181,0.5806225235731886,0.10000111071542502,0.12742982748982457,0.08198735190871453,0.007452423795621459,0.29260330945510843,0.10673503549332503,0.0,0.1657079480775053,0.13638609813879035,0.0037383803158907423,0.11557623913838722,0.052177208997379605,0.003081530702913006,0.14099184282522476,0.0373538827822608,0.03652593710580667,0.0985349812279814,0.046216269334324586,0.0067089228136096545,0.06999784034172064,0.05009230029290554,0.0312265660986757,0.09426962934728086,0.038948635200309875,0.0,0.1456211638423675,0.07311376574330522,0.0,0.11237170496634832,0.08866754530653247,0.04737070312660848,0.12485987904818578,0.07414921011532338,0.00840157645487063,0.05348755416406817,0.02193976955867457,9.731236540237523e-06,0.07028361914140765,0.028780015524367448,0.0075668421744111355,0.04550506948134958,0.02344824017857868,0.0030846183837696575
72,0.5299858939307827,0.7669126983256758,0.495346322527841,0.7839794933401693,1.4101535105819099,0.42579590566743714,0.0,0.5248391001608295,0.17432124473016128,0.0,2.3851711339042794,0.7506631079520418,0.1363934901963662,0.48401861246681155,0.21981793372452696,0.008261710949594828,0.24242152556743396,0.12008284647315891,0.004124757722673009,0.7773018359293592,0.33658898625260475,0.012798069238348121,1.241722776727866,0.44043858762837296,0.03875272323672434,0.42168243194064214,0.18602500514615616,0.00444230668062725,2.6487763176516843,1.0307948789693795,0.1408655894490441,0.29947875426454795,0.09294558169669878,0.0016168740845423002,0.17249943544034715,0.06935840672457691,0.0001087600442976085,0.4331893949437118,0.1687100929166181,0.0,0.8911322150264015,0.3203563665880381,0.002750001915870329,0.5580469069419569,0.22625210016631356,0.023649475029705137,1.760090196687433,0.6160742278875282,0.027412176115886797,0.5091306011472023,0.16520774938036217,0.010469723215844811,0.3319332269929613,0.21782690744099778,0.02098707467872018,0.5962676772583797,0.17535760219821642,0.007498176842050678,0.9174125452408117,0.32384775049451303,3.725292316281571e-05,0.44256030142660885,0.12532018007390025,9.841510539146528e-06,1.4639541613242766,0.6844076479180636,0.022871350528795204,0.2275074888486139,0.07186750300974824,0.0,0.30612768023839826,0.04565394306664013,0.012264276021555352,0.2169139327152525,0.08429763407841345,0.00893582444575431,0.15307739470454018,0.1494580799077827,0.004381611450415503,0.20368340017980213,0.027769480984740386,0.0031715178692224744,0.14632753170516757,0.05843164522213218,8.139591388476466e-05,0.12695042478779503,0.11509079035559637,0.019953111034456197,0.15683854715098888,0.04552233503824302,0.00534383317431903,0.20763016897549974,0.0557373916647156,0.008217116361757915,0.21452758807741135,0.041569493705573585,1.6843871812439214e-05,0.20822989200554393,0.051549222873358176,0.003966805870291578,0.03908217708469605,0.008993189055368032,0.00019373526743115,0.08860444909387888,0.05754696025659859,0.0005001743099342817,0.07156936287386002,0.025590260309062297,0.04340409978772997
73,0.9378019444628083,0.7380704406588643,0.4099672951319029,1.4834657207547453,0.37437629067451617,0.28603161268627003,0.008451199434181031,0.22017197585281598,0.11520553801319341,0.004205139105128886,1.675627356085414,0.5531773397462724,0.13800978878848064,0.2139800419207159,0.09355279112426225,0.002699083026678451,0.15512397109245546,0.03445778954093941,0.0,0.26840131768125314,0.13617153884962513,0.013309270198066788,0.6057691114974938,0.11422595979474139,0.025586448187579113,0.21228691080806156,0.0486053255575759,0.009080105030007366,1.9992706528001076,0.735885253214569,0.04474714690236028,0.08237035366607047,0.06950543346994438,0.0,0.04952881489176705,0.007567982191828349,0.0,0.22742685990175493,0.06364165118308092,0.0,0.29897387097510586,0.11035671545428105,0.04042479129281781,0.09971569504705807,0.053611834035651396,0.0,0.993618921476244,0.32928601477046987,0.015022818980637013,0.22090262501529428,0.09619215529094018,0.002992585299989868,0.10069420465173194,0.047318887440630876,0.0033414422590623003,0.14071599802773452,0.07354660761255347,0.028013595394722868,0.38244900941319165,0.17974469870817697,0.059094409120528525,0.10729060203621445,0.04537588901250984,0.004183231945532037,0.9006856182775753,0.411716225518447,0.01297530136909688,0.07339565058938108,0.040813174296042865,0.00019280459614054454,0.06906144626424036,0.0598344042902615,0.0,0.03070127776953633,0.017010242610281452,0.0,0.01754356672844955,0.02996925600038763,0.0,0.03544444350312741,0.014054107138728308,0.0,0.013575858750636223,0.006415381212557315,0.0,0.014551161520997984,0.009865174403106337,0.0068867222458347185,0.052513188605754754,0.012806004255690253,0.015675810259995933,0.03866855261810274,0.020043087427791186,0.0005083678631912932,0.022748108799646068,0.008532470955502705,0.0024291534342948486,0.037499832246622705,0.021297610093888752,0.001357938980146855,0.029133872590683556,0.0012160844389929027,0.00026513015142460016,0.007496318178149881,0.0012234008684547388,0.0,0.02520984487050353,0.007045302956536097,0.0
74,0.6618195729687262,0.8875796455991954,0.9242071148267521,0.5197143675826585,1.1625354960521965,0.628876171898411,0.03695581903485613,0.5506122761222809,0.2895043162388302,0.028060229916282566,2.4173380279958554,0.5851070193556085,0.1356080945695237,0.6842579694793706,0.409719468526133,0.034050306087071304,0.5958308676295082,0.12257462712646273,0.0350170887552816,1.056500193369291,0.4617019354063749,0.08643502772220435,1.282511936400442,0.31584586298028244,0.06879138133226778,0.4801651677820735,0.18007742327326903,0.00016831379469188173,2.5274783885470113,0.9086308582837467,0.07977393067919449,0.34359882872184766,0.11686076146553495,0.0018751214336222629,0.2734626008325393,0.09780231839970539,0.01737135177218146,0.43889094093984915,0.3122145040988493,0.002089113829446159,1.4273907120185123,0.5110120688629596,0.07285268653168335,0.44514624877427206,0.327586117309665,0.10437760235371052,1.836758856178485,0.7331700546328386,0.04517579683568719,0.7150985819735475,0.27629912918269983,0.021060598904847544,0.4810759012773298,0.29641777187162865,0.0039549694761170625,0.8206536804594766,0.3383002390096397,0.07775864588799887,1.3708527176644263,0.2514583182766923,0.04947636257750354,0.6605883509545802,0.22979157084097857,0.07388680156103974,1.9737503337526237,0.6059150969247007,0.08869472057232128,0.48287848085654783,0.1733481628570804,0.022861430794730426,0.4606358697974198,0.21182506773803206,0.017104392713750402,0.16580478246800587,0.12690303899263863,0.0002695893399445675,0.13549703403330662,0.11494109336135212,0.00037378829432232,0.25438465763389684,0.08978278558614415,0.013910398254420479,0.17888891166254184,0.10923456044765106,0.005855238177864898,0.13971669132301734,0.11977700670809226,0.0155914985683802,0.3488373816002608,0.03835391610616545,9.454974822660928e-06,0.27668901194571993,0.05517266435155131,0.0028532399818844015,0.25226455141626325,0.12164318443283667,8.065656490032405e-05,0.2741486601751274,0.17508569599482973,0.007337457419109529,0.16827931694598602,0.03388710858216633,0.0001579487891256028,0.13328376497558259,0.029489810236178957,0.0,0.137233280030494,0.058639580303888716,0.00023296582287810833
75,0.9288981288381554,0.96371795491713,-0.28954559889384085,1.4733187528985632,1.8010899739780912,0.8476429009826247,4.3288930519535356e-05,1.2577145374992906,0.6155482034317992,0.03870858210266742,4.876853661228826,1.2891908279105175,0.1404282147041162,1.5165096098729514,0.6610030601752259,0.051133397338752815,1.3241021210901667,0.5341999376211961,0.0,1.6952179262143101,0.5439345675543218,0.067817120841496,3.3758023640021593,0.743155460519892,0.12328322567373966,1.7888092429971945,0.3415942509265413,0.03598961368642357,5.753966590793693,1.8468624008259147,0.2729144666246006,0.7077768584452095,0.3501986477871577,0.016199517680888533,0.5928217667497395,0.28234777975941727,4.22932785404341e-05,0.8141325073074609,0.1544237114935572,0.12019639429498566,1.9721444281380462,0.4747229497581742,0.12097468856080107,1.525398970285623,0.369330105693195,0.13701752706685608,3.2234110002590883,1.027065967687476,0.16190397713758414,1.124925873294348,0.6484165648796256,0.02885670016511797,1.0409990327316605,0.24130457271271197,0.01624873927987151,1.4523819762721766,0.44283726386600547,0.01699372157964658,2.210120610338301,0.7928920417710935,0.06978887360018673,1.4053616638650221,0.4848749786295457,0.0012860237993983848,3.344255309877467,1.0901739873619054,0.0878872027836662,0.6493749653543535,0.12598974012752373,0.0,0.6596249264865168,0.0916860379981455,0.0,0.4201755526770735,0.14519797174871746,0.029162555598310023,0.41310863863551633,0.06394063084566398,0.0,0.38451622780738126,0.12081941250809503,0.012277464248090265,0.5752132393377964,0.12468067422328788,0.01904450857541287,0.5315443101799576,0.10022092732582824,0.0,0.3872171539998731,0.15081970691383384,2.752810123705574e-05,0.7228169340783221,0.15011661531381698,0.0,0.5196462467538691,0.05940385465081412,0.019746501732268475,0.41244262527395353,0.23364002589697225,0.0,0.20164074234985233,0.05228658066816691,0.040475769642940536,0.21790761627895242,0.07634238091919532,0.026271379948217752,0.3093252730506367,0.02660502582559246,0.0
76,1.0582230250900415,0.8875760817253242,0.1852045059483044,-1.113949142850966,0.37425697507051403,0.18007363502749177,0.016663134640673663,0.14119821106998878,0.08908059962796172,1.0926333022515555e-05,0.8399371622257447,0.3951206559214324,0.0216074375565373,0.3003470210302742,0.080743285168138,0.022842118122619735,0.08250106875830143,0.09401165125649617,0.0,0.5184537014468471,0.21232701395629858,0.018011487096844192,0.4089145534101227,0.11337732127388399,0.06224087898161981,0.2718043958828217,0.03723211236657434,0.0,0.7299872691486454,0.3347326904669934,0.06715280339437665,0.14600490513167383,0.03533624585384945,0.01704982890869202,0.0779258919123656,0.02838101157827513,0.0,0.30217728518435494,0.11064545408997943,5.7770325855336e-06,0.29332617082883156,0.07489686755812278,0.01742431776204787,0.14517781653715758,0.10274250589546817,0.006598628674503589,0.7827541657754618,0.2661930683896877,0.03844599653403543,0.27686835703358165,0.08891035198848674,0.003572994650354513,0.125947646314304,0.03562693456890058,0.006138545976091077,0.40241306240207686,0.1836287841376758,2.4761481018166107e-05,0.2741121244545178,0.057120457878555894,0.01917001377688246,0.0637623415358062,0.020250849222467553,0.002401212392268728,0.6190582333553369,0.2552888409555154,0.03774437884763809,0.22281139217744328,0.05822136547950129,0.01440419177396407,0.26399081740518304,0.07534549383910485,0.028030466796248873,0.10449745662538276,0.011536925854376632,0.008608631466629386,0.02451415053556728,0.013651635054209518,0.0,0.07244991561611691,0.0729690187964091,0.02650989541685035,0.10976073870600703,0.02098289033942837,0.005183570976841243,0.0593297865741694,0.00944332947508647,0.0,0.08682748083080061,0.025344006392656347,0.014273739313340826,0.0769104245454092,0.020492463761845832,0.0,0.057362651462963425,0.008577370857925749,0.0,0.12615350427911629,0.023721425088125244,0.0,0.021741057111449004,0.018494038659843424,0.007051036467785144,0.018412695053101027,0.019838653338289932,0.0,0.03345317954020976,0.010434345203374842,0.0
77,1.0059896633622998,0.8423681082203235,0.8931496553599236,0.6561499221207181,0.5189602539944931,0.1400141184870238,0.023475484380275073,0.1382109924919685,0.07276867722578755,0.017080552618517035,1.442179512082245,0.42269996753433503,0.05588260378123871,0.22290387010558754,0.11890295883740896,0.014443132716899204,0.19668538850297057,0.07314638168903277,0.001683164855009826,0.4160409027276724,0.2455268011745403,0.02533203584240046,0.38106770521832045,0.195087583533292,0.07135464970459401,0.18551108695060015,0.10032937780057964,0.006706368122066527,1.5709982917660557,0.6265843294217751,0.12933480450316784,0.16473036571829935,0.05394133831687079,0.0,0.09512292231046021,0.04322771983506031,0.0,0.19302820861238143,0.08273025190133686,0.001571044155282241,0.42328008568441655,0.12825688193525753,0.04242184458786186,0.12523474097664267,0.035789110928411735,0.0021794889257544118,1.151289813396052,0.309789965874598,0.022179859587370412,0.26144454312710136,0.10644336889199599,0.01301589593464209,0.09362865275395595,0.049661970489813745,0.0,0.2869655971391552,0.18695313611392778,0.04030594264997881,0.3085257495825478,0.16874285031523864,0.03826578156273374,0.11776757531287986,0.11119110890975979,0.0020642453615133866,1.0413438602644285,0.4443354992419101,0.052724989442259174,0.10502132540023212,0.028293380550896155,0.0016418216224445914,0.15353638136778344,0.09351541802161947,0.006274702825687664,0.07411403925396569,0.022078082234849052,0.021575293923533315,0.032506377264296976,0.016862061770641444,5.7770325855336e-06,0.03882064922084703,0.015007920760857848,2.9773281594836117e-05,0.03313012134749088,0.07013505042899836,1.2348436065311614e-05,0.05257871533392912,0.04288056841687882,0.0031565368118704772,0.057733733893699624,0.029484632580558688,0.007686047562240984,0.08743542851231145,0.027766478124952438,0.004136631545418713,0.014029823404383962,0.04105933498454213,0.0007479846961045576,0.08819605531583845,0.03561893740681332,0.015652815521525153,0.031891037615979355,0.0,0.0,0.028489522458745177,0.014337934060623947,0.0,0.036755111148435785,0.003213392863493705,0.008284682899058806
78,0.7432631688479754,0.9691547995086176,0.11708102472405335,0.1670434468915567,2.020422761187901,0.6227760110078038,0.11176324119233128,1.1033207971388386,0.3327137191834769,0.0702271680922388,4.080184133400718,0.7664162826865595,0.169309841219977,1.7225581042873557,0.3674298769451128,6.572684585583655e-05,1.1375017593233725,0.1917166706531308,1.5165510012733602e-05,1.6290632305597739,0.5002986824694395,0.042532199692189354,1.6120797284434591,0.9195949474179763,0.008813964429436211,1.5592906557101363,0.444409670657852,0.07816128546073317,3.722157049522893,1.5426643705693832,0.15371870654686673,1.0859813391078237,0.2759282301551214,0.0001814119342233658,0.8250349151758236,0.20211293476209127,0.00014438896735053365,0.916811674181833,0.19996970538866263,0.04443726472916917,2.2705323616832978,0.20490705468091874,0.08518926870285455,1.5010625068152135,0.2338883742199157,0.14140349035563146,2.8731609746193243,0.6322479203829663,0.08906832352769811,1.6436405781687702,0.6112235098428971,0.003981897842093375,1.1806230129583377,0.2692347371308348,0.06953642892191612,1.54787614642564,0.53279180784359,0.034884656869983446,1.619172018420983,0.4442869541799208,5.631121728347062e-05,1.345546088761905,0.5231352430703574,5.457428649644817e-05,2.0327706502490948,0.816127586372911,9.168468275825592e-05,0.6107190444873357,0.2989262754486025,0.03712374830926236,0.560454703853569,0.43079167584201034,0.0,0.5742727868896101,0.22299153065289076,0.02765296015915091,0.5598045603552817,0.1167263692905054,0.0,0.549736628574399,0.13230220635266654,0.010684651081530753,0.5206488760201622,0.11824506432527371,0.04014977823246879,0.49261732352770604,0.09250519383092287,0.058959948478843935,0.6078365284303641,0.26390889365535664,0.060312325577221805,0.6245743966009571,0.30643504409399946,0.0006236172954100628,0.5180140380334237,0.19284957739716618,0.025141948494562243,0.6574359151118312,0.35611245120212315,0.010425956580172688,0.31159009108136837,0.08640402048969203,0.0012732146207981407,0.4016677728985665,0.0920093862032495,0.0692743832163234,0.32599673052275213,0.03784826597311372,0.0
79,0.7964033126524843,0.77787634754017,1.0342644163118382,1.1453495189279024,0.4524701426768646,0.4186078495496513,0.031277007850264896,0.2157166228178885,0.11587901870479564,0.01128241886253013,1.8696997987534898,0.8231627588467478,0.17435245443610697,0.26133020673701257,0.05391620648538183,0.009455506195891581,0.14412205265076342,0.05158754232141872,0.029493436742835083,0.4864670932364965,0.12730422246743797,0.010374830097583242,0.776528414971128,0.31740514224859573,0.05205286915550596,0.19063269716292017,0.08749985599009567,0.018181739272103658,2.160712279103465,0.5627499304314312,0.3367787708789818,0.18327615066656672,0.07313160054553151,0.028064653509147483,0.09785884680659464,0.0130662771264922,0.0,0.166245628046798,0.07123609403022606,0.006178954550892164,0.4756521412640093,0.09576364800588638,0.0,0.19132862642560755,0.0763719671831291,0.004883143181669904,0.938410212187157,0.3885973600295807,0.06431147409605932,0.22674455324936715,0.10028570383113976,0.004523092768774646,0.14541240606881325,0.058099504587439746,0.00020157128450757584,0.38720213552855137,0.06977650485837447,0.028406519530744904,0.5476986016429902,0.1631670653352671,0.035889274721799924,0.2673841482037804,0.09174108045124413,0.0009287381676450935,1.2733695446242197,0.37654914337668344,0.07265425162223461,0.10533138383355749,0.042207578090478995,0.007262912591160921,0.1483965838719577,0.11628258956081779,0.0031709916075278455,0.07057980814094744,0.05071918070313834,0.0008528529922890061,0.02519746909976827,0.06704438450677459,0.02372891681829212,0.05663427061122141,0.04258457912458009,1.8339762447068732e-05,0.030946931568894206,0.025610340725471428,0.0012103168228093453,0.03031562898411909,0.03370372048635911,0.003556555004211361,0.07068660919930846,0.04069401431667795,0.001066388910053598,0.07136370709769321,0.02661699011242138,0.007314058077656711,0.034588344083233726,0.029230876725570166,0.043012993180879255,0.05030033558795642,0.022945582402708796,0.01315278026584936,0.009360082878024662,0.007857631523220892,0.009530065674466794,0.025913352009712377,0.01735779862281094,0.0,0.02276597343414645,0.013063847218470604,5.7770325855336e-06
80,1.0281398755525206,0.6240161127701165,-0.3030668166935578,1.187322675747291,0.27024375970688425,0.06187223222717953,0.002115245101297611,0.03851947908150246,0.013853555543114036,0.0016955197555111197,0.9770815758316624,0.22442849510328505,0.03637288493229526,0.06575606224228725,0.015342303996892275,5.7770325855336e-06,0.036553962796092465,0.02110157634797983,0.00044178380023899113,0.15292830046973538,0.02864047940243164,0.0029913867820505137,0.24935982997578723,0.048211988120675904,0.0007167619892995357,0.0582526472562387,0.015990909994647168,0.0,1.1595503155135674,0.2287758395076105,0.01279162974186731,0.032697710095284695,0.013492696224073526,0.0,0.029774302452217405,9.045957502952728e-06,0.002603307181750097,0.039856298858146684,0.03311114054382178,0.007947439460486944,0.14449156038856223,0.032292937188793364,0.0,0.06414910599720401,0.016296898017375598,0.0,0.4371254071006474,0.10940287716255395,0.0,0.03677915726265086,0.022362283227433135,0.0008312434449099728,0.015269702505243924,0.0033653073716221117,0.002466392487089369,0.08703630645227106,0.018192486665407327,0.0018248008005860225,0.14857144787254425,0.026139562230548724,0.0,0.07185247620126853,0.009791372603421777,0.0002827848511495712,0.4400010951229267,0.16012859637143623,0.00014654205529930937,0.03351138705719678,0.0039299156816645624,0.0,0.03828812980647129,0.00674836874480577,0.0005514205511407351,0.010571369052301811,0.0005915386436952156,0.0003757091039291138,0.004383702579586344,0.0029432310833434586,0.0,0.021954093390120468,0.004044656044863638,0.0005997204965924448,0.012726210620107297,0.0005239973276251696,0.00014723506406797302,0.007486542416980921,5.630835307709117e-05,0.0,0.008479019659580988,0.006842895984394186,5.7770325855336e-06,0.032657543120120494,0.00275978759934011,5.9499907563960825e-06,0.006414296441168744,0.0014019194336725813,9.088803781191336e-06,0.01911752371820084,0.0062017193462528646,5.7770325855336e-06,0.004256577242709636,0.00030767447767007653,0.0,0.0015359610674366532,0.0011278821406831712,0.0003151884862526562,0.0006433448426331332,0.0018925271918260207,5.7770325855336e-06
81,0.6129771503471506,0.9223689782357635,1.7392990782467908,0.18581660567682956,1.3595485165633727,0.8233235280469569,0.1672912051262915,0.6916377478781823,0.38993385290706656,0.03510895019356628,2.4101056939084464,1.0733674994982154,0.15266495283501808,1.0289784384036755,0.3826499382521049,0.06468868982531803,0.7434792424200376,0.15013261526562902,0.0417609171782687,1.2130138277993914,0.4526914046373988,0.00015672427219086735,1.044105406908397,0.5130410664455267,0.09997360545649883,0.5143592950941378,0.3305443398077558,0.03040494012723233,2.156167796154449,0.8187648341461089,0.24837587971757774,0.38483018504094274,0.18600821699893436,0.027579689420656136,0.41418556860140343,0.19735412693800725,0.0001623806611518883,0.6712540078390504,0.1779588118576294,0.0029679977439065245,0.9550185464934249,0.3215618671325049,0.08423399811308621,0.625696396981468,0.28217930859327706,0.0,1.58897813626633,0.9807423902458304,0.13771030979103843,0.9557074682533415,0.49745678482954236,0.10669796740692998,0.4797202290642057,0.2984425595224752,0.10176737655248239,0.9261406531995222,0.349787360754794,0.06492392998081137,1.1580271818943384,0.5109230163286913,0.06952867910530823,0.6459747100151163,0.3728572642233502,0.01820705202199195,2.5003566161854143,0.8520408239102852,0.17365028985561662,0.5749529783956395,0.35064627682092314,0.0011229708030997371,0.7474105423040961,0.24539649802557895,9.734822586114273e-05,0.294349542848289,0.08475860610823358,0.0005538238616020082,0.13552376411644293,0.13373864852030556,0.002455340139724141,0.3891572861196364,0.2803102684794878,6.071551309065718e-06,0.3643536051111859,0.15623757160559398,0.029399019616521152,0.33897207027319876,0.18998351066170172,0.051180690105990204,0.26934597323963705,0.07951935947032254,0.02427992730450059,0.2157860136926537,0.15049049069047277,0.0,0.21699600160496213,0.17865866083097587,0.008295785800627386,0.3967855662024613,0.1312163169173911,0.02403638692508296,0.11004574192076325,0.0852831193411628,0.0,0.10831725159838203,0.10497812421572178,0.045702426735262106,0.13253908987570037,0.05457176446504054,0.0014882373121706612
82,1.0020074923561992,0.7393051137746621,-0.07360540716019431,0.1432403914835726,0.3275301619954622,0.11124951037221067,0.00014072467463255395,0.09152513234469711,0.03222342727073403,0.004718425356317851,0.9019953177280071,0.2322905968093007,5.7770325855336e-06,0.19494819250707685,0.10401595392883568,0.00513752195072094,0.07386653424693004,0.023181262911630054,0.0,0.20015210893853413,0.09132732332405295,0.01900904922362551,0.32303011280415905,0.12579756029644504,0.007164251926350914,0.14517974909017803,0.02739131081394418,0.0015823020846318968,0.9381078669861609,0.29843018287768935,0.02775618840201166,0.04192082882491437,0.018507155977047513,0.0020706584501084062,0.0374516722947222,0.0087174846077142,0.0,0.11137517942859344,0.030600549929436265,0.0,0.13166527616813936,0.07066843853376478,0.0,0.05816864044802479,0.02261286297037388,0.0003759044857312645,0.44862776456082853,0.15121936057957658,0.003910611631069206,0.11698027532714288,0.03447565565145118,0.0033459129694370705,0.08197503933784213,0.007957411519583648,0.002473703966134079,0.16872171345877748,0.08006259043579694,0.015603482063825742,0.22961830372000203,0.1235583062689411,0.000824540171898224,0.060884586585270066,0.03493298421396559,0.0006763674344075139,0.5382051634989704,0.2379374445782234,0.00951772109497365,0.0816984741478387,0.00848810963049476,0.0017826140975098189,0.07164556095081978,0.00969037805800621,0.0018028627937125845,0.04237874915382505,0.007535695567830001,0.0,0.032799000461382344,0.00856091573639937,0.0,0.05769390741220108,0.024536210852868688,0.005647930335430911,0.01858342441779877,0.0025268066274547903,0.002311285401622098,0.016037741183567787,0.007624760786573202,0.0002723900118732316,0.037964619315449415,0.004605446460312563,0.004917264266584383,0.00805907714036343,0.0075589458012317,0.0,0.017291574637048612,0.008813581267620899,0.0,0.06152749179360023,0.0228437486968353,0.0,0.004300450567503172,0.00024460064069475944,0.0,0.001636074156864291,0.00042573961400396937,0.0,0.016120759358974744,0.003463748409346998,0.0012766744580946041
83,0.3853353967786679,0.6009699231570451,-0.8207187951580135,0.9909528267344784,1.2525971076731806,0.415810308404193,0.07969222803407049,0.6797607665066261,0.28586221969365644,0.015159159634883483,2.8122189106480486,0.6574803461854665,0.09443612142629443,0.7010301705287614,0.24381004802167597,2.6147605034858984e-05,0.47189915509529085,0.17983299140042355,1.2047738414545863e-05,0.947609593364404,0.3307537939524666,0.01856002417358074,1.2370973617680523,0.3141206789095201,0.0067271932091901975,0.7732725166426507,0.17209748931735735,0.006435883858837169,2.914110625599778,0.7328269558847916,0.1377919305262923,0.46125436148735965,0.02524943155733741,0.067736189365071,0.30457242004559987,0.028937660765008325,0.0,0.3154086500527188,0.12892269998337608,0.00835606226716892,1.1514027949365202,0.3488082839989348,0.05183334288287397,0.3977472858273868,0.06519578130948814,0.043060967986726525,1.7310212052165237,0.6547252715788469,0.09481128160189342,0.7718311432494973,0.15875742965131634,0.004815930799105622,0.5815010356035661,0.18509831867497278,0.0025148074410619365,0.6109893920938236,0.1828780883557241,0.0014216923855486323,1.0336801528151764,0.38948827852153456,0.0018713858699514,0.571085764138409,0.19469035975406065,0.011847758436639702,2.348302290862895,0.3515128000194579,0.028087498193123304,0.25570248175104393,0.05120152583036882,0.011447585876877787,0.4483378320247703,0.10206371883189636,0.0,0.22039423393656604,0.043719278932879836,0.0,0.26008098887419157,0.09366890722265286,0.0,0.20727342620157352,0.03364273419923801,0.0,0.16986316962081455,0.03419029876065442,0.004944069139779977,0.20906742783682014,0.05501465535885662,8.572916109197605e-06,0.19956503872550585,0.028637202238987747,0.0019869879380410324,0.21296959578635483,0.10771826440730536,0.007403704726031564,0.1649607257431421,0.07412102276291377,0.0073571386567831895,0.12793980551737102,0.020348492286522274,5.008715741853202e-07,0.10803890455347435,0.029285933445219788,0.004617803203647781,0.0745256958572873,0.05618710922309262,0.0,0.11589698191735519,0.0030734189086641774,6.194819720026309e-05
84,0.7091168931200709,0.7987322706027815,1.5599061357446986,0.01779375610535061,0.3792780223269122,0.2869880224283878,0.10710537314335332,0.12406022827550085,0.07703302605013398,0.06637472684979309,1.1053621984294377,0.670979655057274,0.156754438027497,0.21600075135636704,0.06202759584958669,0.006525593970742852,0.11441220942555483,0.11952014783774868,0.00426638834982083,0.37910535076062646,0.21992141980796093,0.03312363501890722,0.4380563222492664,0.26876301578597406,0.02668680082699077,0.1539491462968747,0.14650394580282197,0.003056294593453472,1.3439503468556617,0.4970157023608225,0.034403406193369006,0.11506359652631853,0.04888607178218833,0.007032038130193718,0.04914656407977666,0.03955488496312222,0.008857986967827216,0.1904975559597373,0.11091012634861915,0.0272504055954327,0.31874362012944035,0.17341916584206646,0.03447385642365092,0.1780877766702638,0.17686031278414538,1.3852424657715156e-05,0.6662416101252986,0.3910146104147025,0.09627996447234832,0.1377683215544165,0.11222812363504812,0.011030439540163054,0.07553476061022585,0.046821201793693874,0.06513131606773614,0.3196101522944734,0.1760613028766479,0.00536682489510168,0.3445795714831192,0.09146267563122697,0.0035156196409328808,0.17811887122471073,0.06977907108905392,0.00022976896405875499,0.5367376652239267,0.2072988816464159,0.014861977591922128,0.11655819375670978,0.05741973140919151,0.00410525237460369,0.12809541127938925,0.08109437605668803,0.00958715483321274,0.050785377231581844,0.06611761567916827,0.015523641652341531,0.03899192047150129,0.06658392304985504,0.012987156749506557,0.12361556451070135,0.04003825895679915,5.7770325855336e-06,0.06766350389337862,0.03908331437520581,0.023029463862384726,0.023321384669206042,0.03365901515434754,0.00125811588793562,0.08164225206105433,0.029212266462956896,0.006219626479412926,0.07452426782657887,0.04083417331261702,0.0031029027958893764,0.04451736973171757,0.04226513288735323,0.009678904151890487,0.0642844451078969,0.051938238255772706,0.02201943765603391,0.06153505195614677,0.031355254918424495,0.011353500589524107,0.015821114706451502,0.012126532657152963,0.008095162807785872,0.04784738287591307,0.011187145511208163,0.011205014720120645
85,1.0557990936364656,0.8500672874381717,1.7999132805202391,0.7927675456621786,0.4268794773952474,0.2190657337050811,0.012232114634183505,0.12468652610659153,0.12538877657675657,0.015737602672426035,1.2522005342662987,0.5875315145408491,0.16303707027548225,0.08724246679291449,0.1537575140792269,0.03529998237866805,0.05089074261131527,0.04142403780945072,0.018711254199531475,0.36319738074335073,0.19072556451681538,0.060216786025552235,0.43801603572475833,0.2104129368817605,0.05681695564168186,0.11175767493069813,0.044813175890088264,0.016412964614708304,1.3521476878589522,0.3715129646764088,0.11074270969744988,0.0997596859567039,0.012308379868797764,0.017968080559495978,0.01897630555859784,0.024634495269074252,0.026306731669161275,0.15314112327353274,0.05335401060994687,0.046049577388168006,0.22572533401392567,0.12291016281734529,0.018328152035314186,0.09954671496204924,0.03243268045108711,0.0,0.6261281379422228,0.35357349088233614,0.14848428669631836,0.15795984397998658,0.08594699873572609,7.471895594479309e-05,0.06038381173657319,0.05273142268534122,0.024686376393227606,0.1993245831456713,0.21048241789118197,0.025691555147401113,0.23651592692805956,0.13332169619981038,0.007766437129788435,0.1310009755843519,0.04806277755447818,0.001726514008591657,0.8995024785356278,0.44425893361422913,0.04316626657781243,0.16668632603226993,0.06681493463849937,1.4649221311279412e-05,0.0651235379490594,0.08186928230148381,0.02158058797283164,0.057137509943703736,0.013893188282005404,0.0,0.012303438761785983,0.023599028558310677,0.0,0.049917426925506235,0.05018750139870133,0.0057495194313137805,0.0179231396172974,0.026045497133784536,0.0,0.01641764329700148,0.018356184683599827,0.0,0.06691651956827102,0.05154734217045373,0.0029094386977259576,0.020994822397436674,0.054630399757342324,0.0,0.008649879806388885,0.017929070063399236,0.0001842762209720374,0.05319080871367336,0.01045454345606426,8.849666909655214e-06,0.01766482026383226,0.02150024905754246,0.0,0.007456051675538268,0.014747080080584101,0.012865995623718094,0.014537176805060194,0.001958321164557782,0.01353001086391014
86,0.32345050164959604,0.8359643516133496,-0.702533791681023,1.1094842810053274,2.594335443942975,0.5768220500826933,0.07315958289964805,1.7042072353480577,0.5250920690020272,0.020484496399167343,4.4809407037514495,1.3058409305607053,0.2681121121851475,1.4827823727881855,0.49857839019538125,0.03256070225600678,1.4017647446019144,0.2694234792430623,0.00013971442892145658,1.571789823307724,0.551142835892811,0.03104457800486086,2.5782605020387996,0.9664601408888103,0.006652643820507994,1.7289628223224451,0.5231832772254824,0.008852101933171161,4.553853258820113,1.4325936052865804,0.08028314160927669,0.8666671583497043,0.13517636966453092,0.028754284888476662,0.7553319203069578,0.08913887310746525,0.0,0.954382774229432,0.23957984046126352,0.02637569177634298,2.0555290169529234,1.0338544243478158,0.0693665545215326,1.3433043243337925,0.43600305608442,0.03252346225832268,2.772622651688377,1.028646597702258,0.07921641958966014,1.9510386065474263,0.3741127775873144,0.11560794093737187,1.2425096311047006,0.4165880652780698,0.07206121070689328,1.2642379662166099,0.40266943437494407,0.06100270977905613,2.305241531964481,0.4781444003008706,0.010368020128193519,1.790664246388511,0.43234066717206815,0.032961318073936416,3.0966023867700585,0.8719998261421614,0.1755659895175904,0.6567020092993288,0.13911046970572608,0.015196026286259042,0.7462739151236303,0.21553820231084786,0.023904171884972805,0.442053631249291,0.14070315794353977,0.010577339682466769,0.48432920629275217,0.19570158378189026,0.03178988728811082,0.456427107042392,0.12138085180509978,0.004219214818040782,0.5411355730957306,0.18741043338186708,0.002740364302208233,0.5032645102054921,0.1625566669666822,0.04229291460628189,0.45777970342573715,0.12567585229128891,8.563509957563485e-05,0.576274515110492,0.3168544790183959,1.15540651710672e-05,0.5982588603242888,0.2732598646566173,0.031045926400104805,0.36561035000162145,0.10869158548673422,0.02671928294112253,0.2323032876583342,0.05736681374866756,0.018290786798043343,0.19877735469574365,0.11171849410597241,1.7304713304235904e-05,0.17572634148668848,0.0705518281823564,0.013052562947099477
87,0.737592780095478,0.8518533918627321,1.069854385749227,1.8796086061883144,1.5239653875300188,0.653649315545916,0.038474767902514154,0.668857169210821,0.29489766795193406,0.02824973319259294,3.8290469680586026,1.3181988210723163,0.13662423839706797,0.7339619944544908,0.25721412312691805,0.031198840425839883,0.4222333260661525,0.3014828862247263,0.05727489836729123,0.7428880096023188,0.2975642370775232,0.060666644797603454,1.459072901702595,0.7236405944693366,0.12832471750910104,0.7734447885560167,0.10085599208127739,0.028649673129499866,4.034474416864354,1.4420796062505437,0.18172676042135355,0.2750261936328467,0.1420530493091303,0.04967525804211361,0.25171371343583326,0.089887241668895,0.021473811556845513,0.3121255173825922,0.19793210683820817,0.03418992874904871,1.1125332042708984,0.4874180018577662,0.0034544327455677767,0.46451392388892265,0.23586359067430646,0.005631596946953857,2.1930536702205607,0.934292447291631,0.15876608602615996,0.5982593668108385,0.24421138541493898,0.0320714379985315,0.41976658250206733,0.31905012925592446,0.02755748803830454,0.540291138139066,0.12779984274519152,0.04295338250947482,1.0095047013685852,0.3383242298324244,0.08139282760524567,0.5381803797264925,0.33986084350595624,0.04268504072196452,2.371893259454989,0.7773876861170522,0.18961670956148002,0.2814149671817679,0.13349201457846985,0.02405121239259217,0.2415545810172829,0.10005880358591437,0.022361187436732297,0.09717869889001515,0.033022366720663804,0.01643918062924091,0.05426422091242884,0.07770947617150496,0.019156031740097817,0.08294914531565029,0.049244430937028245,0.00015903009858580234,0.17746481555675722,0.06410007035991204,0.0,0.052494691598201235,0.014364004772558885,0.03427621302823949,0.07208584166852118,0.022339944616203512,3.324658541141795e-05,0.19586863037617966,0.11427924122269895,0.009765298706992626,0.10778119379791957,0.0629223462519575,0.021236657953974954,0.10677224134583019,0.05367864001723872,0.003478378905327936,0.06694019812760801,0.042791955320918285,0.003893575910344964,0.04954693640982122,0.07325048652058685,0.00017147341405719782,0.056228790283395544,0.01709473303552377,0.018618430769862603
88,0.41443978266480397,0.9460762578169866,1.7830491799654795,1.335931196204837,2.329666835314347,1.1100628386748594,0.050661670374077955,1.6210890673824523,0.8527405022375272,0.015118598906033877,5.238595822344538,1.3626918749856036,0.0807161399024357,1.8021658244056609,0.7322285784854461,0.01242313622535769,1.3675921268215132,0.31546450478514276,0.09330866530518073,2.1030478034330238,0.6426032676220609,0.09194205300564767,2.6247569966200706,1.2332335366863618,0.09260555791200678,1.4852703112489698,0.8814382395316499,0.04181313050238305,4.9108107904229445,1.6904702504767197,0.09303629445177253,0.7357965852561976,0.3815690320837821,0.07743439818454001,0.7085114956473646,0.2213639832499184,0.042205152692644736,1.1599445914094382,0.15796937711907907,0.06997169165621209,2.3898335477599537,1.0899805814494008,0.14920048922471407,1.7536389571273503,0.6736423724177232,0.042750208079368246,3.2977862934609963,1.0900011004393793,0.144354574924694,1.4434555462750962,0.47828520325977847,0.10932415643997895,1.5030340008399337,0.23932245748034017,0.05569163197090317,1.6354685526622996,0.4972171349779489,0.05489604848076798,2.3192639692760726,0.932249640455626,0.10386047911002717,1.6667603214065079,0.6278434089758518,0.08185063943367143,3.0544241524440583,0.9333413845967142,0.08742202072642473,0.7305495418731298,0.31125513834474827,0.02472817103179384,0.7821188653852758,0.3381195195921879,0.06468252587761138,0.6607481284223353,0.15163766794278336,0.012779780277839436,0.7237625699339829,0.25427116633810415,0.0,0.48246578920917693,0.2598706523843902,0.030751105996967038,0.4664174972925962,0.08763286209236533,0.05317207101565421,0.667593019813219,0.22569095719587207,0.016685327334889474,0.310162818650223,0.14505221284760084,0.030370046281414972,0.6528151555169139,0.16887299724652896,0.06628570196463755,0.4608978134012655,0.1566085278372539,0.11775677096790582,0.7979911772961472,0.30893597249144306,0.016053829402485068,0.3662285184500038,0.16271993741430096,0.014810299780562785,0.3065747744854982,0.06970334931354945,0.002118541512948698,0.2820981818425897,0.1528031421815848,0.039816091176152126
89,0.12501279478628857,0.7452434155236315,2.3776744478302487,0.5761692206360133,2.2132363336708805,0.8823610857403631,0.11215683187382694,1.231687529831584,0.6362744984494708,0.07909794487308494,3.827959243557238,1.3748308350409382,0.16932221816050091,1.7286610007223637,0.488742726144754,0.03857143962098781,1.1391852506302278,0.5147960097012091,0.037739674837916265,1.5583354918077077,0.7484983466674362,0.08226390597535851,2.1612449816991885,0.5580995230005005,0.06954675405843545,1.6736639167586485,0.5301416197682378,0.00026133592658902785,3.992594147350095,1.0768923228396938,0.3740588233831013,0.8531174813440372,0.21782092529550967,0.041151723358490266,0.9308363662525396,0.18537690542929366,0.0679751346683456,0.7154215162095792,0.38377866722073195,8.566766269553371e-06,1.9673830287383256,0.8235651341309151,0.06451054251769864,1.3814009157720317,0.4560254147846612,0.09842834632889264,2.6269397524895925,1.2200170006378186,0.21704404545559225,1.5514350972781061,0.5156373925265161,0.08423086513998082,1.0772124665343112,0.6221434921630316,0.042953227640923186,1.4471052146618388,0.395828577988513,0.12230338815050129,2.315070802439677,0.653562918350628,0.07608183174139076,1.430211156463518,0.75861813285961,0.005685706868165318,2.652942777356679,1.2105547313376293,0.10836304216100337,0.7414880139069823,0.17505877208194698,0.04401342192325475,0.6755584273912667,0.26473530551646085,0.047967681256855736,0.6628986446509426,0.24326956193763316,0.002673673624581513,0.679433530526373,0.29440241787874444,0.0016519196275795844,0.4446298624321878,0.0941055525587809,0.0009047490451520304,0.6250043398659807,0.29009675441290445,0.001742608421743846,0.6356988928737219,0.26559059414670494,0.0005815235275527014,0.4338516233267139,0.15199547028985352,0.016461896543633683,0.4402408385535922,0.26448750165668794,0.048797613490583897,0.32855397250070256,0.3135483171480338,6.284928856166498e-06,0.4503242405850541,0.1017296200320654,0.0019016181641863296,0.33920986399790043,0.15764471757136922,0.00017798680798703902,0.2630286007830809,0.1314415571559346,1.8643401040726624e-06,0.277258259158152,0.0511876388905064,0.05298062193106545
90,0.5922623979650321,0.8782989173865919,1.5166438589165778,1.555572316623596,1.7961476704164006,0.6276400443695789,0.19590252365332927,0.985027716815818,0.2045568371424055,0.04456928135922308,4.296104604184231,1.1168451477748338,0.2716118387470699,0.8161420256962264,0.3851697461073105,0.03553735696404891,0.5576765217811211,0.28613110474002307,0.03137857379357031,0.9229050926112228,0.25726514964980357,0.12266469241019798,1.6444364278941714,0.6560522628143322,0.18044922072876518,0.8677558801693062,0.2023174963504915,2.9674107333116896e-05,3.6049191566189354,1.460847264870538,0.4338904112769432,0.468707745219287,0.1405324973582634,0.03239550380409273,0.16622981857287633,0.17798016063284117,0.009087631934218899,0.3925902253075695,0.10501300254339277,0.03001362117689108,1.3054939355857682,0.5364231394075512,0.11015110829964342,0.6518817462154377,0.2663361892446966,0.03744399699010848,1.924295763081171,1.042590902329873,0.12735812564446758,0.9124196347284377,0.41813119049168046,0.02633397604622908,0.5615782222110686,0.4048628646445148,0.013879554724586043,0.7432101211641217,0.521017644365431,0.021963124463955853,1.2805230074087937,0.7633574234567324,0.048876720180976226,0.7801313081401426,0.2891673353318833,0.024446876345129903,2.533772528797924,0.9568224429562726,0.09006575150626586,0.33109512491879883,0.10666970535032158,0.027526913031490217,0.3789736646714943,0.17715273546179242,0.028445293528617323,0.269792343922027,0.18637564010594132,1.2147800065258087e-05,0.15407473735253263,0.14666784986613585,0.013071680597024474,0.20536518428460027,0.03901951574074199,0.0001344126323339175,0.2186271611435285,0.03368368769564414,0.03206578623488728,0.24232509189208332,0.12417977737861546,0.01142755058313637,0.16812499908037096,0.09942678122598322,0.004746528215444587,0.1922966324546555,0.12861507936721533,0.020247146864336176,0.18222452897366428,0.10850364711114119,0.04068917285455344,0.26404853578741105,0.09001938558958399,0.02189330943378221,0.06875425846166829,0.03946140307020403,5.7770325855336e-06,0.1371361455746982,0.04391721448240841,0.00014533883318339737,0.09281781076297185,0.06068929621481816,0.008029942957785469
91,0.8406583082217065,0.8024826612712735,1.3196613898354304,1.0817361338255664,0.4142157671979524,0.3325184595840004,0.04083326149314484,0.17457072444074445,0.17119801094310516,0.016625882938038645,1.7406286895427514,0.6369756409280569,0.03940113587130324,0.25410482986257205,0.12530736863793812,0.00885710253260488,0.2373328842201436,0.12730072701364853,0.01550670514985698,0.29395018391306255,0.16836545221174662,0.0027695105485957476,0.8298034006685531,0.3997614695737538,0.05075972227898425,0.23539156940660305,0.12378897357153268,0.008580299553015341,1.8229923403178534,0.7544223796722804,0.042072001930435025,0.14975332815397965,0.08160995393388298,0.0,0.04278638359958735,0.014279679937569956,0.0,0.24571783546869524,0.052955162326422806,0.011767122390502765,0.40266311028461615,0.20441021263330275,0.04225840399615868,0.16244584837880388,0.09532075090677396,0.021782489640435984,0.8838735604247504,0.5067348256316513,0.0804435016627921,0.16477321144905108,0.08660229903761821,0.012231302388359105,0.07669142022388331,0.057389931698207386,0.020572473634868162,0.19641197425477164,0.19978176427987598,0.007905251378448596,0.50700368389132,0.2627331120048311,0.03639591113549828,0.1658968634417538,0.07205384863483275,0.034361898500318656,1.1304974874597118,0.6377077493541957,0.03685300172024289,0.1450792436461274,0.07261583793321744,0.006448683295898899,0.07980666619560957,0.022734523985841314,0.0,0.07243585687803251,0.06506060793683571,0.0,0.012934315457776235,0.049515531379547166,0.0,0.08107821618696007,0.02876766146988316,0.01240772797409485,0.034483166128237375,0.014294519806332062,0.0,0.03486839199910617,0.022363935500627923,0.0,0.024968909192562352,0.025647665719880516,1.15540651710672e-05,0.06020902226627728,0.039064601116750246,0.0054868200817011804,0.031555552657571956,0.03105825445140765,0.0,0.05820019719746097,0.04647274161483914,0.01718318691408345,0.03274283329311717,0.0069219772999562015,0.0008073706353420129,0.020631916267734956,0.0004598040957915007,0.0,0.017193876852437933,0.005905547356482634,0.02392005965154184
92,0.5801108150876825,0.9137815321481622,-0.3688182354021316,1.6494078513035202,2.563074309236261,0.9089483328398014,0.10137942857318431,1.2780694299962376,0.6439998660960308,0.035063496714350786,5.6082118783759825,1.3072094831591423,0.22582428089508705,1.5123408009503327,0.45479217687805834,0.04239851114800057,1.0466792090984784,0.4128198594041146,0.12368168371822877,1.3736988515075308,0.41814744432951106,0.039863808253602265,3.0206884641206013,0.6583917462359268,0.04016879235643349,1.6282648036161587,0.3704145105949757,0.0013996637124065634,5.100016317338154,1.5718298169600524,0.07232211159705246,0.4636743437796904,0.14232996699215755,0.005227256142562183,0.5856054301490365,0.2424287033290955,0.03455953465395953,0.8145643488385609,0.22209774709112992,0.09929584027362248,2.038624098399713,0.9334214243097589,0.036997275568132405,1.3103512661976957,0.44268574784784426,0.0,3.40168282123071,1.0007980478222032,0.08312986816311262,1.0845587947518527,0.5179667869212934,0.07444497844302127,1.0748423465566614,0.37196879036747377,0.0,1.0300720884593875,0.3171405587896126,0.05179478160385741,2.2969469394015625,0.919517040786074,0.06337684367269422,1.277920939650971,0.5328310171566492,0.1700154750299228,3.0675955079395543,0.8435103421529997,0.00044805751866299994,0.702550094351946,0.19000767809140134,0.0,0.7707683301028186,0.18843056587678686,0.018555119046294,0.3063851864667835,0.20299133022481047,0.014567927933169257,0.4866028718059521,0.27172072535820047,1.9688516161975542e-05,0.35522389488971984,0.11354630971273916,0.025918048170268985,0.5372248891453653,0.2501208802747053,0.0,0.33445152781813786,0.20319296684007054,0.04880768831704179,0.3283043793794623,0.17618185409738193,0.004574630939985793,0.5702331677878304,0.10028391441270186,0.049312222574573544,0.3168698268516528,0.15360812834802307,0.004259597669321442,0.5285002197842115,0.13124521707814318,0.004506601669992251,0.2522855457111845,0.07930358109050628,0.020141557591888876,0.2584819976543895,0.08702287480295363,0.008743729272964542,0.1994685225402394,0.05385433445990645,5.634285553528203e-05
93,0.8616771537789439,0.8459265857121065,0.04804665923035967,0.5418712203555228,0.7950305201875971,0.2237915824684989,0.007514006760852077,0.34063770711823715,0.12559501348451452,0.0019057194262090743,2.0201557427629724,0.6499507380820255,0.06717316263704122,0.43386587380597713,0.2330780840705775,0.0,0.31527641095995423,0.10963171983842289,0.0015389156018838627,0.5502083970757324,0.1969956565064635,0.007231148674986303,0.8493383693081706,0.2658434614668848,0.07963468378594993,0.32506823848673133,0.06484342655299866,0.044366941826254884,1.7771638768569893,0.7249303917249723,0.11598412900244917,0.2377008525075201,0.022073160092139495,0.03719623337238602,0.0929032832954273,0.08656919778880792,0.016714649674453422,0.431297174512532,0.09460444851033839,0.0038941182545071296,0.7566743763290524,0.19470041747385256,0.05918241291686974,0.3029276144134602,0.10235909253810783,0.020999873831183333,1.3328283123293259,0.5745657623623879,0.024536883699831306,0.3515491603189125,0.10756876976922784,0.02824725486372253,0.26336997406505197,0.11622936897065307,0.005284925694000487,0.38582350183659136,0.14494250916719623,0.0008581445084258086,0.5789354779313013,0.3015034757698399,0.027426957921452978,0.26182543526386004,0.15070973984292377,0.046458173946115365,1.5247228593332607,0.5207191393386786,0.0733578557603573,0.2716556375833774,0.08641787798315276,5.7770325855336e-06,0.2665101036629179,0.12137117101923253,0.012735255522555507,0.13083181513330325,0.0678516264425617,0.006696714765638657,0.07832598613685257,0.02211746108312727,0.0,0.22575412156699096,0.06599292184413175,0.023827960053911582,0.13362196870132853,0.0536148517596679,8.849419397161828e-06,0.12463856580859378,0.053935553382225165,0.0017344767425851826,0.20034829721927275,0.039229929141347014,0.012139655407601722,0.12508849223086718,0.06977052855504602,0.0,0.1151648995150797,0.034735442309005195,0.01292008365772418,0.1639513586081131,0.07528063039187528,0.0007891625997334418,0.1085963136779975,0.008157452610335595,0.0,0.01912041557733154,0.028333028601446902,0.02490997622922188,0.07377785205371115,0.019292350810613715,0.003259620970139853
94,0.4744394952721226,0.8006117750296423,0.8385452317977447,0.9968711876284608,1.6641275665523132,0.4826825515790416,0.10674124873312044,0.7966617800510194,0.23223694769416545,0.07398179046059779,3.1487127837948403,0.8570107498484949,0.1935219414197401,0.7342609088107924,0.30775669253202675,0.04623266517708175,0.4971002323752314,0.34866009081029115,0.028307699223877474,0.9770895696539573,0.439663179334564,0.022069893208606136,1.504039760226075,0.46923454164761963,0.07104175569186773,0.8102310998348113,0.25390058812747696,0.036942602531305706,3.082425654051619,1.1824302697692446,0.17589904108812182,0.45620669446580087,0.15542903572708724,0.02642363529685165,0.2542413751565583,0.03175629478396674,0.0035162153942438967,0.5256268483117149,0.3097515669004596,6.093724552774892e-05,0.8275639117637061,0.379800922858356,0.10077214769378492,0.5867371681115365,0.1948767434925826,0.04553360836715202,1.5909692038807284,0.9081139014472965,0.04869268180263755,0.6697632587691028,0.12469739224639453,0.0613671066534193,0.5052032052910767,0.3367476338492736,0.033868352572713256,0.7393408256516769,0.25446234351651836,0.021072275041784373,1.1014084623046612,0.4379365071782075,0.04174316496831143,0.7362101724695272,0.27325837247002194,0.054664301123320755,2.207566160996041,0.6553100462770065,0.07209123545934015,0.3496853161136908,0.11069824727352626,0.022388494638067673,0.4246681288292712,0.13071920554203367,0.024915684653239813,0.1777294033413538,0.12792522189791608,0.005895630116038843,0.10767561224552441,0.10691109745083305,0.02946934186479301,0.2081363186463005,0.057501883077989466,0.00043283379676362424,0.17350230957547175,0.05291978082047431,5.7770325855336e-06,0.2362217757058444,0.11448294024995415,0.009929489594935972,0.22480468849092095,0.11875874449660957,0.006786966252939299,0.15944194796048855,0.11311728888595324,0.0009950007535622011,0.2063760423329139,0.10618698704148136,0.015134385433937048,0.19086310347796362,0.14884270081425435,0.021625198689300143,0.07715125591621143,0.07227845215445936,9.52179461044119e-05,0.11902715639214259,0.10245045558425857,0.0011581584150528873,0.12070425682996391,0.011860737967886377,0.006830275838938375
95,0.4593577167426489,0.7541078304715826,-0.8973379361460081,-0.33897132038350086,1.2502180381121644,0.4443640136054172,0.04654515378064375,0.621980799622174,0.21759626981074992,0.0008465783666131407,2.223955750010047,0.5892631572103589,0.10042190550588301,0.7429718667398131,0.1924878173282124,0.01235833983919254,0.4425250574401106,0.10460130667448275,0.008871497329780632,0.729537045694415,0.262292301018628,3.120067676721685e-05,1.0892571588030662,0.22801404378482035,4.6198774868104516e-05,0.6739918593283639,0.12852161979265816,0.008414948063191202,1.9596890987295104,0.672560297927846,0.05124917015877556,0.5578713577884282,0.10700445153118804,0.008255764259373317,0.2743340574664679,0.06665254350879775,0.0035973867325514463,0.5675316093611626,0.13581429753552957,0.0001526578072417472,0.8871948170394737,0.26211428298409023,0.02024037415937579,0.5776291611026236,0.13459938849503172,0.014140351760612412,1.815953393936572,0.5558287257426195,0.04382401174143644,0.8284301057347448,0.17226701034889877,0.022087509703502393,0.5205518323414998,0.13760336515591245,0.02633250659719689,1.1225870573050958,0.27591013122548147,0.0016422609107030963,0.7041242614169481,0.4165933340904646,0.04375157589193961,0.3540105966347342,0.39922564963716767,0.007710114071717784,1.5083373827015765,0.5756656191238496,0.057366379070012116,0.20888806107336286,0.07477299835400578,0.01124013785549573,0.3219222085677609,0.07743900125506624,0.011783386785739824,0.26793980661503675,0.20224476258605784,0.0003297542080165215,0.25680850960147494,0.11856807935476786,0.00017730794131288756,0.2637054740052352,0.09152498050439528,5.7770325855336e-06,0.3065536638621884,0.08494866863673492,0.005843854793247533,0.14692668316953172,0.037802727030471245,0.006942534125095255,0.24366596880434155,0.10984561994513921,0.0037272018822476216,0.34857316675641703,0.11115613297399136,0.0025035634973416257,0.2054278049912471,0.05087284517285319,0.0038475515190344186,0.343968748035761,0.08740914865681476,0.0005499557163428439,0.12478542555226368,0.06768457898688095,0.0018730546981967418,0.11026839184940436,0.026423737917436615,0.0001932662895178147,0.18616325993548902,0.03164731296584708,0.000319694793493913
96,0.43458905072505644,0.7824200286763079,0.03772627589312455,1.006846763600319,1.828714141340706,0.5031840726067855,0.04451310518432992,1.026382585188734,0.32215001908988644,0.041910012448786144,3.4873880369689414,1.0337528479165576,0.08546555920863703,0.8110304197014557,0.29295098325021685,0.035527360409068405,0.6543261042505292,0.18062398093021462,0.017962453284247823,1.2408994243296978,0.2933729134729882,0.036375219071939906,1.5274191123999417,0.5442917224357706,0.07918904595089574,0.8366400020086694,0.23544948852717654,0.0648178516495144,3.713229886910994,1.090201787878533,0.253671918017752,0.4936292797948909,0.14314748815940675,0.04162195579816876,0.4018369431927913,0.13405206231512332,0.038421959747328614,0.554602262318728,0.28920971197226336,0.011344769657948882,1.3433375823968623,0.43129818960780786,0.0010790422597366498,0.8338721638022916,0.3029993234927045,0.05905665228809656,2.1449134270383707,0.8694971737076092,0.0702352470419467,0.5993566085441293,0.2715578080499328,0.003825410823158389,0.5720256190571777,0.31111604720156294,0.003896344835857345,1.0093363447476293,0.26348754110710193,0.00982742032763599,1.4581286467266226,0.43294928133648347,0.03167549679988358,0.9267611179566708,0.30774690642977304,0.0023716360911272393,1.9182074956933366,0.7135008327586451,0.09487200365150791,0.33775607964482063,0.0789448966820223,0.007687772221380394,0.4830998141200331,0.11974831615987906,0.00013906645682266544,0.36095250934397494,0.12370129976310976,0.004660329865941147,0.3044450401772063,0.1303034394087572,3.394171651173968e-05,0.25182705786010967,0.07201069913307367,0.0018147802353118282,0.2850291452824231,0.07506078039888048,0.0001442104407092516,0.2859684335830516,0.14440468430716885,0.01160661199281251,0.23413574824603028,0.09385007493113569,0.00045873141589473384,0.2288315048043505,0.13204589191066676,0.013983139673687969,0.28097792318571935,0.12688959167715638,0.008942587156273699,0.45552530631280164,0.060780737881835384,0.0008443881406636978,0.17211677297492278,0.06729474935938824,0.02542525651283071,0.19656025628544307,0.04786564129354382,0.006601574360864925,0.131469129139695,0.02845346901500867,0.0
97,0.8830900853645451,0.7618406514187952,-0.03981721545161421,0.45175609856740606,0.433429839041858,0.22912057003556566,0.033952450313802764,0.20181193939761827,0.08839128725021218,0.013034770344568479,1.2386136666483674,0.32531364853201333,0.07195876824123003,0.157615788956685,0.07161027969885186,0.0049629494933917,0.09618970662290556,0.021252236766487794,0.0021882767837607944,0.3454991521028781,0.1532510873771838,0.01166898156577217,0.49312625327188264,0.17403507125301199,0.029732931738913927,0.28042985917165736,0.10535318064473966,0.030277434261553604,1.3997090747008152,0.5352591454950595,0.07737457424965535,0.13474770470072095,0.023325531463207046,0.0319586898004914,0.04314019647310431,0.008889527893962888,0.002504369592461872,0.1664551587463078,0.04217825479498968,1.3844651469986733e-05,0.3178788128191272,0.11542863217864081,0.001787705849265099,0.0832818739496433,0.02266968444599767,0.0007080387741448788,0.833836380564609,0.3479962598209386,0.0329910284119045,0.24222228122622347,0.06806524686554552,0.009787342853954816,0.14953204033697132,0.03324815006949022,0.0,0.27048623328787474,0.08926544335278096,7.019882171283685e-05,0.15281144821283266,0.1341347841777468,0.002702907565094057,0.16287316096751833,0.06283474548681932,0.0011774315187553822,0.7440876657291777,0.2761026024848845,0.029048083027291182,0.06695913496917504,0.029049053038285325,0.00286963754609859,0.14874896004886204,0.02048954486740738,0.003766716229639874,0.05892978401710932,0.051551283095102964,0.0,0.03573616427363535,0.012584989016110661,0.005790268677891827,0.05220204415566374,0.03358453482958798,0.007777159454552722,0.04012132027213272,0.0154717984166214,0.0013329743982684146,0.03591100286340694,0.010688620390819964,0.00052796934929195,0.06228868810090306,0.025088060353672843,1.723838058232542e-05,0.09364880058741241,0.009159920121337536,0.0,0.05083177022279291,0.01084622536244304,0.0014248110523297065,0.04644061135399531,0.009952029567051898,0.0,0.014723212470912364,0.016521345284450678,0.0011196724111347009,0.010823121075939565,0.005079999995748481,0.0,0.03411437989443,0.006801348234508067,0.001238225480163507
98,0.6235305280171148,0.8293874081786259,-0.1346575435013237,0.03811481610846523,1.0186402724205121,0.27795327941569775,0.040461311213846704,0.4388840150141081,0.10628055655513845,3.412994675844437e-05,2.0097855107835034,0.5767906786042934,0.03617390082277162,0.7579055478486102,0.38710907621617663,0.08650516185262855,0.5818470421923391,0.23351635601880427,0.031251050040680274,1.0856525344724293,0.37949894416215163,0.05500553233862526,1.2977078105116706,0.5257367280210572,0.019451136107516778,0.6402962668828387,0.31905765709363343,0.011089713204748138,2.7777004116776376,0.9699671545580403,0.18411864566467748,0.5199633498956733,0.11474819784420473,0.0,0.20303872479104437,0.06556617947464881,0.0,0.5310906103704498,0.16405328854610035,0.003060172627874025,0.9229234100924045,0.12080986315704093,0.04806840588606884,0.44189581945378764,0.07874591511986882,0.018096675878580312,1.6448749259918771,0.40808080094106935,0.07575945368910597,0.7362060167458073,0.222124230854978,0.011368259370218653,0.37759304252660497,0.15842137045779975,0.032237258843621705,0.7091325990785433,0.3449247585660837,0.04125699013279584,0.879800851105264,0.2500634493246968,0.04821688736695329,0.5535977969638132,0.137536038939451,0.020493374937465936,1.4214822484623602,0.36271026688032815,0.06265115833411625,0.26048423431462875,0.13260827597246067,0.050073062465971305,0.344662410957357,0.10716075454728179,0.019818045460438038,0.27025984367643785,0.13712144621105157,0.001618700802734631,0.128749921397109,0.07156940161009841,0.0,0.1943621347514915,0.08387062318772938,0.0004019732923607976,0.22482029301087716,0.05189555491283278,0.0,0.1679041054259801,0.01985136634553067,5.7770325855336e-06,0.27176801071659507,0.0483503205547605,0.017889146031326686,0.1982989682188708,0.09227334757134463,0.007016874824816277,0.18705943288298382,0.0832644766761686,2.9772105436331594e-05,0.3019496825390253,0.09786844810683346,0.006988725980426303,0.08613747366504185,0.050652482612792316,0.0,0.11777118308095075,0.017560449573818106,0.0,0.12414203030422122,0.025427720736932898,0.02857073840793018
99,1.1208173794201053,0.7682867093712047,1.0608108005123504,-0.004857472206704183,0.12422817392477621,0.05639409897751878,0.014076577322415388,0.04143936139971163,0.009237257804817085,0.001121108721858778,0.46825852675156393,0.1753294191771308,0.030348381726976056,0.062007427236236784,0.04214567485911442,0.002870254366936617,0.012233784469652625,0.02918271437401209,2.7424739413555416e-05,0.12715864361865964,0.08039274196440926,0.006815526930481163,0.12291749375348443,0.08397895340969254,9.025996253375119e-06,0.027316505555478786,0.03575457535477516,0.0002698467100055953,0.5139360717489606,0.2724777647101284,0.06021692665436897,0.026238169356572603,0.009848343712433412,0.003587421113926323,0.011236928020586286,0.010112935328019105,0.0005667609303899822,0.05585841825808216,0.02181762412474159,0.0004111560578944305,0.10999382562414341,0.059398576514049416,0.00997829002075012,0.01567446688648943,0.02573578902448639,0.00588612089256788,0.25511163979518847,0.15042758154268793,0.0059539749555401,0.07345882336484627,0.01919254749382337,0.016917108781923696,0.014496432247616004,0.02623067740464701,0.004467084816274812,0.06681168589980443,0.07749016439130457,0.006525416797458717,0.1012560789775183,0.03497640179313936,0.005759197266530359,0.028980294574560306,0.025666721207121726,0.0016236964954479604,0.32336865746094967,0.09928453864191848,0.0049928320184300795,0.011726002950534642,0.030883408000729296,0.006378381046566814,0.0356458522182742,0.032293225932124144,0.0034994958619243193,0.009030195946088357,0.014980115447488378,0.0,0.004769686346528036,0.0078107688076499504,0.003640213467189266,0.017947781259307398,0.03490933598722867,0.004529790910949265,0.0033755100993623013,0.005360275435583172,0.0,0.0038570559645039713,0.0037401087329148233,2.337402770206752e-05,0.010850500647577744,0.010670565879852894,0.0,0.008876297009851573,0.009599002900733504,0.0,0.001093185921607021,0.00039805209810301397,0.0,0.009555848917117861,0.029222079937068417,0.0019524045199921783,0.006479149988675831,0.0006289071189990856,0.0,0.0021215248223781288,0.0,0.0,0.0057684582870837385,0.00022739452170753965,0.0
100,0.30768038790789654,0.8364864566676754,1.462096134540898,1.0414189514734762,2.2494023925978484,0.6432660378638471,0.08567171305127885,1.1564246457118834,0.5816748879400527,1.4701460548675307e-05,4.212102355975537,0.9772228251316639,0.18675310481254906,1.136154125507002,0.3529136530316025,0.030250390390578627,0.8970973403952519,0.31768472377080226,0.09215136837761673,1.3558042636905332,0.41876236874034534,0.0010974509461934019,2.243274861779872,0.833213360269224,0.19710755174563038,1.3297077688258458,0.36185412030156855,0.21944446714195073,4.663121142711156,1.2472017029340925,0.18990078649707823,0.3717132792550189,0.2590897578854041,0.07855719041569831,0.4789103937953374,0.1673993245048989,0.04176309257850782,0.6632082432806183,0.21081721330421938,0.05017887194691175,1.983052371122588,0.6608350377792032,0.09136777150657056,1.4889713191294036,0.3149561380294595,0.022878916785969216,2.9792774178057932,1.2899463835913412,0.24412192408453826,1.1226595338042877,0.3305847010439329,0.0747390900397891,1.074799981769535,0.2361800132515371,0.053198668983198916,1.2419852180300623,0.45773491111274917,0.17472557758202162,1.7758051481530166,0.6027209016364032,0.16141206417573023,1.2073077304144157,0.43204244612243026,0.049406377849694594,2.916243705578802,0.7993479199475082,0.08050781714258537,0.4281028595303907,0.14310915612140906,0.017242385057066753,0.6390054647247223,0.11793540207652785,0.01132060359425121,0.3840468223017447,0.15458697440945438,0.003192182832565887,0.4306107181041055,0.25857474279138615,0.02488111485167024,0.4489803260220834,0.11859921126989978,0.024238515007617124,0.47822564608867013,0.09360077434836643,0.03841995803210849,0.40743701178925523,0.1147083530197116,0.0006557227447368606,0.2776831829125719,0.07497523825369695,0.015740852193736058,0.5376544830702169,0.15741144047823505,0.0057472985757386335,0.6468148911552695,0.21900726148116556,0.05478667414535979,0.27902450486800334,0.18204453858943195,0.023111871720497133,0.20529963257707273,0.1079831631815644,1.15540651710672e-05,0.20489537414606857,0.09899121048364988,0.02145969630293213,0.22093387122095162,0.1292371183443063,0.000801116420145764
101,0.4083807514880873,0.5517003232482568,-1.2300403340638941,0.9988007709090149,1.3500977783456591,0.4111115824708067,0.010768112472239506,0.5399160837391356,0.21357663857916237,0.0003046787427632621,2.796581106436357,0.6140054980926073,0.03043929110079309,0.5102312408198585,0.14570483049196742,0.00730576398664675,0.3454526937914204,0.15148969147774033,0.0,0.7834878637389369,0.16552953294079215,0.017620120035099385,1.4965391248967297,0.24537754378579926,0.010209388934980367,0.7418029436747743,0.13396217727138265,0.010864918257319445,2.7693268318465236,0.9847200882350131,0.04614317947439402,0.4156812511300457,0.013497408868520215,0.012529502303202511,0.2044289039507246,0.07766918166525126,0.011159720225405331,0.35203428523594044,0.07746678105245146,0.013820152493671627,0.9681380659494708,0.2831270324025217,0.04258061618878644,0.5204500305888666,0.07714788094902307,0.0,1.5391758850274697,0.7344342800776615,0.0800972162009087,0.5939301388962925,0.10396671522517702,0.011549675595581343,0.26739740122652217,0.13491821700998813,0.005690838445228634,0.6791544090183842,0.21487353805746426,0.0004666671071505522,1.1783716739543666,0.1902647424458331,0.02608819867276139,0.505108327509932,0.091359701159363,0.006728003140575039,1.7780488238152135,0.41171136238893585,0.11489389328969596,0.2097359914007661,0.04291018832313093,0.0,0.28673174479621477,0.006034239283966764,0.00032278745489036555,0.10453623894848939,0.09656099778585732,0.00033906254172741727,0.1085002160804098,0.11376626296887928,0.0002697295805383616,0.16051409320942117,0.053046871713404706,0.0005699514536531999,0.1943307644118337,0.0655191993331267,2.991869371569261e-05,0.04779061925722216,0.03680583263693144,0.0,0.14357022872555725,0.03668505677979604,2.4141661130159012e-05,0.19815950518756728,0.07355939128616008,1.993116314141805e-05,0.13826413351202088,0.034125728412417775,0.006228056934260751,0.1552627893662677,0.018954089081828506,5.398940031520965e-05,0.1180038909337414,0.042585641084720245,0.0,0.04270509710421344,0.010905440517821254,0.0,0.10898905676606037,0.005122642618638765,0.0
102,0.7264907808008781,0.8817170319315757,1.3390140938620632,0.8134075123785198,1.0354044221389769,0.5067768603673466,0.11772294834769034,0.32650529417933105,0.18254424766954136,0.036763438494122384,2.8794829577888565,0.9940210131533621,0.11682709723185834,0.5737071223447743,0.33006714485595195,0.004909034922146816,0.36042847222774094,0.07656299012579218,2.8772895835693483e-05,0.7305659414426142,0.3431495679697349,2.333143450553927e-05,0.9041531594866233,0.3325444722213496,0.04152652010417617,0.4804858344039701,0.17526526734035344,0.010298838070883679,2.4163135817780903,1.0413328754814937,0.1726523248182789,0.2856874912304314,0.09424679788967039,0.017163780973554137,0.24340721348071384,0.08444498852874092,0.04202618240591649,0.5533769315577487,0.12009413413111655,0.026504608108068296,0.8925747469774226,0.27813468377304124,0.05258966797535553,0.29466890620073577,0.20855632339663643,0.0186645541208809,1.8869062668172782,0.49084900820698063,0.12091123127940498,0.43110058180714034,0.277809109392102,0.012045648270013939,0.31688008711628485,0.239130752960914,0.11447551549058708,0.6403927765351438,0.25280143581906633,0.053730918807552173,0.9337492710628278,0.344625158875501,0.08464151795651037,0.42215466170652566,0.260713805807814,0.04431390503626102,1.5708549000511152,0.5751582108146402,0.07236059730962649,0.21261411017829146,0.12953739706948858,0.019574464982628822,0.337995734333389,0.09761021667384182,7.674005287101167e-06,0.1787593407369617,0.057210775656688646,0.0,0.15143068447427124,0.0683023081222947,0.0,0.2304373925338198,0.08909606197011097,0.0160406893884636,0.17428856428674122,0.07015179160614556,0.00910292322203559,0.12439254135479122,0.03415731912450087,0.00968847567955977,0.16759247388794493,0.023413872172355008,0.00420300379275689,0.08609111150118859,0.10103279952749483,0.0031645303534141977,0.24589115094311792,0.06264435270203385,0.03409414506513439,0.22607096772880947,0.028868303015086184,0.011155739106449623,0.12265623758430402,0.052690146341704915,0.0,0.09881587031940386,0.043329954865942266,0.001408731073270278,0.03863814125423885,0.07793534726497062,0.01712366385602352
103,0.749418448093321,0.8155260304980666,0.5658996081618504,1.7889058464593028,1.4216286228196982,0.5321857630020292,0.045908282507420316,0.5124427431289771,0.2849571520529689,0.008391640501387805,3.7912076043173237,1.3739053059163346,0.24210540516536813,0.43519730746817653,0.14608735512647458,0.00824080488920761,0.3886622617781048,0.19950902838985596,0.0273938719573603,0.6064531662837854,0.32911902715260655,0.0014748023812412928,1.3601525042432858,0.5092649862841143,0.03661006255526078,0.6629549777033373,0.21256055920277683,0.0449562205143732,3.1725068270935233,1.379751123816118,0.12170762976604163,0.337523377029461,0.12260479755437041,0.05103066723183844,0.17588204127784435,0.10770684476448072,0.025217558182841597,0.3020595306211107,0.15074132947928465,0.010754559704118418,0.8846264898563012,0.3267374535356984,0.02523247757038092,0.4194306257317636,0.16089270265133554,0.014901997191138907,2.1219821725252057,0.47628026884845803,0.05892902864064721,0.5634718449183399,0.20964126645058884,0.04977643187667674,0.31596285753182346,0.14718675225725225,0.0,0.3896559845754582,0.07081418367482563,0.011453328745076029,0.9348683611204709,0.25446150495040565,0.11781020888442462,0.4438942852668488,0.11974148486454608,0.000867675278204279,1.8714553105697496,0.5830093432181641,0.04405877289243773,0.23737911231805592,0.19944487888850188,1.15540651710672e-05,0.18294703056509798,0.06134585162770059,0.005441938046801492,0.14558327062716916,0.05494744930790474,0.0013999737439384452,0.11915443676840727,0.024554317624777285,0.0,0.11151972033931087,0.07028993525595162,0.0204083800320911,0.14222204124695423,0.03570396538976299,4.194718648812908e-05,0.12647731445855007,0.07753978637395899,0.006981109162848868,0.0666433975972812,0.019484890098624665,1.2995868482879556e-05,0.13856942122045418,0.05540663428709988,0.0003096495953448858,0.10639619811749096,0.04080463847816859,0.0,0.11712047140726228,0.035594362362071426,0.004771765781506155,0.05087442373536772,0.014891362220631026,0.0,0.0638645713796553,0.022913633433446486,0.002958404924628451,0.04211581865858427,0.03048382431975525,1.7913643790517674e-05
104,0.6183835973006926,0.9688613362323609,1.3633755822867153,1.555149066681756,2.723152810932801,0.9451229426612148,0.002347331060459665,1.3231322142653734,0.7026477184260814,0.0,5.640233059530021,1.8728245240493266,0.2853445656817266,1.6779174121374765,0.7730921656426137,0.03204240786398047,1.1867871377099255,0.45364928526783577,0.1020096240657021,1.7873816790721435,0.6128961616345332,0.03501971972404143,3.048814721704593,1.1143432726266251,0.2460072793106837,1.7600853336747746,0.7283410466283906,0.18963363199707783,5.503772895539878,1.910597608987946,0.40447952208494586,0.8990860229390404,0.3430305943796752,2.878797112034542e-05,0.7381872242237998,0.26026418297052073,0.03263599251339103,0.785752073196561,0.279211765620671,0.043413977385489834,2.790719899939538,1.004231665288198,0.11583724332020469,1.272888549131593,0.4940818123258506,0.04793579124612868,4.117132560410516,1.1478896303742137,0.053070881144214474,1.4807008066325187,0.5433703317812122,0.042300154142229644,1.0773540033340618,0.6306381884523904,0.14322240329850097,1.1587221756582338,0.6245612166892311,0.027335766802063365,2.6616383051330637,0.9066687048678987,0.09106466292121149,1.5043290125707132,0.42440929009140826,0.04196790702263836,3.7246618722438996,1.1117494508694095,0.15134879320097966,0.7111660624277945,0.08883284341151042,0.047947057647688814,0.8284747752235865,0.2255927118653509,0.01368950702484433,0.8445402584031189,0.3133032351358914,0.00022421063820077727,0.48894094561263257,0.24789746849203015,0.0022273803447673906,0.5246222732796885,0.2444604742391197,5.132372209960727e-05,0.4319014176630693,0.22087258382063607,0.0,0.495660952566763,0.1703746509056706,0.028458301247665074,0.5981007896422563,0.17522292780604648,0.005025257325385368,0.7018965383539528,0.13020271055988247,0.08849429184882265,0.4589226120644735,0.13528461833578265,0.11705819780359483,0.31947347042044566,0.19963984866554885,0.06101235385294053,0.2720827624021932,0.05696265831820416,0.020761469787660775,0.18723864916865762,0.2787292043673456,4.3867755731064186e-05,0.3205737210752757,0.056072776767440186,0.0013446036500451932
105,0.4934055080580708,0.8382883855380707,1.795230732665761,1.9530588878440298,1.7416635845795754,0.8415137516705353,0.025852705147965647,1.069781657761418,0.5212861538431867,0.021672956673546098,4.948541017366724,1.7534763246269391,0.1265213437221064,0.8539493123897848,0.36686822087608983,0.029798439982748046,0.5558947297817598,0.32629377324035397,0.028959964801426354,0.96117044710188,0.4960495603229058,0.06117708457619225,1.9580576004323897,0.4363206883972894,0.023576154390780427,0.974172016814967,0.24712817677479024,0.05107814098786946,4.701739803264746,1.8622991922182905,0.07790786758241879,0.4492547924382537,0.20071657033584325,0.02819234888770976,0.32375362582496414,0.09740132389849294,0.05145954542936825,0.4211797857322879,0.15984688477252984,0.01886951494854995,1.2964614502287752,0.5054167031392927,0.16176616774343108,0.9605284669359566,0.31538277729689124,0.05512418460353864,2.6476308766532,0.7996029040882202,0.1758895032516869,0.6639169931440919,0.35119822869815576,0.0730096759642892,0.5788147582301463,0.25068290479209354,0.12955178318912033,0.5832705442260193,0.14884161205079832,0.04265839374427658,1.0515304699336623,0.6189326538947828,0.02927113702177607,0.6485500904174314,0.3158767565523143,0.027614683803594612,2.3947950430927123,1.260595245402911,0.07911930239346164,0.3849734307434258,0.16455637991045863,4.4392665390568854e-05,0.34133336962799765,0.1647594766162452,0.005899700988325246,0.18905315204925274,0.09222088253959165,0.0,0.17192411336127678,0.2018887153889201,0.00013536805789798417,0.1140023532779132,0.06378648213271383,0.019577500132820065,0.2861943337100125,0.15458178465452216,0.0073104911401819595,0.17100154394137287,0.0852141024030966,0.013979054886988834,0.13329091461482062,0.08839436882556614,0.00014611582257142075,0.27166739007952156,0.04269828131914685,0.017080020308280798,0.17286303609035572,0.11967207432634759,0.002076219478438565,0.1881428010462644,0.1078886176259886,0.03958991426549452,0.07227083103769952,0.04510504099553944,3.940173019127705e-05,0.08136420539226391,0.026905824393981818,0.0,0.05839002191512546,0.05192992885275823,0.0044669528391836286
106,0.8036533462125154,0.8657546504594532,-1.223911359935263,1.9673015553850817,1.8242853535854469,0.61547742943804,0.03133411023314756,0.9771615573171785,0.3006038544406485,0.04685864096623096,5.05401958727682,1.1506028911163455,0.17872133971979473,1.3078856977315896,0.34121647761837837,0.025675786283810363,0.7415313315199177,0.1959053369211701,0.033867387354860376,0.9720922642801542,0.3046955251250549,0.019380853242935113,2.3798236888884667,0.5964645999665743,0.04512651758534882,1.0634966189539083,0.1540113800047998,0.0028252495825997,5.102080948784927,1.2936784520765516,0.09617438103106794,0.47056065266899083,0.14320165702076812,0.003874154376650184,0.5504413645910153,0.05475253440277604,0.0,0.4550253272912329,0.17101994391446104,0.008940770259056808,1.985116150090996,0.3325978203903989,0.01939746010535015,1.336270691340982,0.18830553119960292,0.008579991629127447,2.9483393575699974,0.8612210561653793,0.08785030210415033,0.9135477840503242,0.1547668242577217,0.025098182038702153,0.8369172964984186,0.2802613487775938,0.034673747925979506,0.8239174143377748,0.2486164606173562,0.06732496128483556,1.646824108564223,0.49253683033978124,0.05749726931318986,1.066716476349387,0.21456507754059556,0.0,2.2549323543219324,1.0928212870687308,0.04827309824908222,0.4253117935841495,0.09358093989567579,0.026527577750305276,0.39580844040983576,0.11192120504350443,0.0,0.3264542528928133,0.13345799115343676,0.01907580846442903,0.31488850138503166,0.08642650014362331,0.013482646092407829,0.1612083743994627,0.0798479531181531,0.015277953971568151,0.2857314161775556,0.09171723358515355,0.01696025153342722,0.2861267668314221,0.024750098581323963,0.0,0.23743978383442396,0.047884779199730915,0.0028986538460948697,0.2892749169783495,0.10723818834983581,5.7770325855336e-06,0.36235028227747834,0.022208435326433684,0.0,0.17176025650228569,0.07912447457577203,0.0,0.13738447584672012,0.04169387578191493,0.0,0.07874185999797467,0.017858069350561077,0.00022347807326876073,0.04119890925820484,0.04395573086862237,0.019489212246318072
107,0.9910070259355861,0.8836982932366956,0.6391841275279935,1.9421763637036844,1.4783663970628813,0.504743003873507,0.08630232793262584,0.5709727514815541,0.2126398975190703,0.05580505974922416,4.013727614182199,1.1397536016599918,0.33883338890320336,0.44471168275777717,0.17843171275666883,0.03166584383088228,0.43142700344819274,0.15713094730464275,0.0,0.5304886403480489,0.17040616427604954,0.027964401914232825,1.1881633344053089,0.5935445116840367,0.10469915006645181,0.31676750643343243,0.18579820103775926,0.05992471320662969,3.603640147129252,1.387609113684307,0.12810889304772408,0.30317932021458877,0.050345448728253986,0.03720358089704977,0.1922985952043179,0.05860638403299867,0.012738053018190728,0.407923462909781,0.18297294374454254,0.004779876553600338,1.059488773256923,0.3400779316054113,0.03354107250276019,0.5203630343036145,0.20116150093670565,0.08522103442270962,2.0797745543891013,0.842517217742146,0.112982689966512,0.49739411694980606,0.23946556904248723,0.0074429906768423,0.22720847165840322,0.19387967720624585,0.04138865907277717,0.5178643478325851,0.20225673231970004,0.014412472605513234,1.257769419087167,0.33547517096561896,0.13047823634782538,0.5421212361490348,0.1371154810614686,0.05718697282815434,1.9779642525347219,0.5112806267379142,0.09399489714955252,0.19373669910050398,0.11066044658814055,0.02209521947831628,0.2596892343042432,0.2195081880085606,0.018490605034070722,0.18465899744308079,0.07990951769774203,0.0,0.0846434822720968,0.08211707706866038,0.017398291749584127,0.10162990934872485,0.053281566600981864,0.010772844384021311,0.1669861368793959,0.06366593437416315,0.0004516629358284977,0.1268959866701354,0.08665234878798886,0.003463643804821527,0.143923644222122,0.01636912324297348,0.013644243125966071,0.13932681246866951,0.06222965281063922,0.00020793524076704142,0.14301269360743046,0.07556403622833091,0.0036253595211890727,0.0846370812742385,0.05656214142057521,0.006367460435087163,0.03756326138122457,0.011121695666404308,0.0,0.0748495845586117,0.04974336149571332,0.016122938790034142,0.028739668214762364,0.05383987743962396,0.0
108,1.0020650409629592,0.8787361638416841,2.0420348846326655,1.0115707982803863,0.7749680404330073,0.4071918048781207,0.06983031497716397,0.3198380182734751,0.1040588955890915,0.023736978176471347,2.1636445838190546,0.8109169856181175,0.12370145579747915,0.21768270372036846,0.14822217215691888,0.027988421510864288,0.06534272069427953,0.07368018950641392,0.00011093753317024809,0.41542315456074286,0.2326452455688875,0.02759694807536536,0.3922710915420595,0.21663106833142745,0.13656380544150784,0.16664945622016197,0.12130238778781649,0.0479495113069487,1.7588289154724213,0.5923197795242587,0.09874947586176004,0.18312147379747756,0.11879597690465594,0.0061288446446555395,0.0559242490105442,0.027991203528218756,0.023737728244233206,0.18185500316102504,0.06710408149090161,0.04374329672996799,0.37152254857964745,0.08147095934243863,0.003568437525465397,0.13961512223075062,0.061904715181824346,0.003079078961916851,1.1538136133762111,0.4207037922651507,0.05439370684552115,0.2015181504150875,0.18076847747879224,0.04016046510813094,0.09782446113849388,0.12245328108879308,0.03057748786185735,0.3229757701451948,0.1541094083958417,0.04744749710947136,0.42887903350219764,0.24868814620336535,0.06523860774038671,0.18675549438772482,0.1278526551998969,0.04475697835106883,0.8932206967164515,0.622181248157073,0.15238556987469698,0.13998743769346408,0.06215998649276643,0.01975253534705758,0.14807659194714706,0.07969172450783203,0.007150805645439244,0.053855804540800294,0.021647036241098993,0.05530517404977245,0.015225496660004638,0.02356423603025628,0.011128858120617986,0.10533019372106077,0.03687645995320467,0.015104426887855247,0.039471021530100264,0.03048820703356945,0.03437092363808978,0.032593733839639,0.007539515796298846,0.02781918926335527,0.06667442750419007,0.04225953527271699,0.022641006918701273,0.08484730624462851,0.07031679106502071,0.002114095902754309,0.03427279664112472,0.040503856637843436,0.0,0.09523677421495697,0.04572175836321272,0.0,0.06003627764778571,0.024417658268614036,0.028421649074699438,0.009541525091213466,0.02950952003064256,0.010153190472562254,0.014170143841118199,0.0133763706200403,0.0
109,1.0913004888315516,0.8866375761396591,0.2230239029266945,0.5918077358263895,0.5851567263822355,0.31447758291953953,0.037583985868491245,0.2916689645452096,0.04103418785593105,0.0,1.7895410496686954,0.718014787995693,0.13858408852359777,0.4507079415634943,0.10997939935861703,0.01037815005743728,0.2954527893149762,0.05744744877773905,0.0,0.5853620322928436,0.15419797995839696,0.04742524917645078,0.7425242111935842,0.2620241224483032,0.04020799520672221,0.28796542946995274,0.18538470673100188,0.010034258520956418,1.913665462983432,0.8824234615661581,0.2523344757495111,0.2729125773036332,0.10009488087413462,0.0,0.11567342440623807,0.05334474485854944,0.0,0.29680444245374493,0.17492081715969857,0.0,0.5785508562006554,0.17454615800901235,0.053015345081522655,0.14441549076362134,0.08117279987615987,0.053043681479926975,1.212505319309161,0.4585520407035526,0.011419311300767744,0.3685605493562595,0.1560372467131085,0.021260366969118764,0.18337982857928578,0.03798030765862754,0.008924722539614018,0.4846911115463865,0.1463545178707333,0.01430868089088294,0.7598756229315565,0.29967696672082395,0.012398173572500771,0.30443195611436,0.15364672175128233,0.037965380754895584,1.20884868388812,0.5296913475869944,0.036327143677497384,0.1423194753828257,0.03991125331219837,0.0028286087896873466,0.2884343974151249,0.09296614053564987,0.0023970981415372583,0.11737924243464151,0.03658713947779893,0.0035966613599083415,0.06845906661851965,0.06486000119233641,7.328795462916065e-06,0.1573533974016255,0.0665587909659961,0.014914060307098258,0.07422360890916449,0.05603955521716577,0.007066351789563477,0.07810601267326035,9.951496336901438e-06,0.030906018206826973,0.13875787189084096,0.028652606689356132,0.005778360648990847,0.1134217766173848,0.09897481013959508,0.01855259396902623,0.08658881000072818,0.027173015075811872,0.04649717089259607,0.2165191843260476,0.09965908923821762,0.012066938762653641,0.018609971578139463,0.009457000347253544,0.0,0.040471993146855886,0.04670659382767878,0.0,0.08273092629935119,0.0073638053161430555,0.0006598154362369666
110,0.8624196567541278,0.7704816988008799,1.9680797047995156,0.09085105148792738,0.15629414950508988,0.060733603321614996,5.7770325855336e-06,0.018021029334461043,0.055587641882674815,0.0,0.6155485941238525,0.2579301620259239,0.016820578985719037,0.11078459102584853,0.03606812716822192,0.0006913040624221151,0.053098346669333815,0.01848225513087639,0.015097755777689506,0.15667286112642193,0.16465326508378347,0.006562494160771618,0.17994039473276263,0.17526932348702196,0.025002861156392137,0.0740348408806933,0.028837047285829132,1.0484955600437683e-06,0.47441672170205584,0.40184578203802135,0.06630668796756534,0.0620688830353086,0.0020534294548370485,0.021022076652020605,0.015397790746765446,0.012343332472289909,0.0,0.10712532770183761,0.11145972952602916,0.030156918732085838,0.10799979441827125,0.07168287166453707,0.02210768921103195,0.011903200400299076,0.022209460187338104,5.7770325855336e-06,0.33593418921864204,0.22449061560065164,0.044835526287433244,0.10196729090642812,0.05878099449826811,0.0030418901414524624,0.02919278833507784,0.03706396042276187,0.002984195690444694,0.20103486306541735,0.10086625822762299,0.007844321092986752,0.17302811256854805,0.04368232984767644,0.007931178752793392,0.01714710553924346,0.023587276133757426,5.7770325855336e-06,0.4855011966396362,0.17293015118751995,0.017330265086370714,0.03374515550822768,0.05711540975697528,0.0062584806764773016,0.08769525643117462,0.01232472855089075,0.005596508287034459,0.0044556492969015996,0.0725228963124457,0.0,0.000652268170974621,0.020820648583802934,0.0001728532559939804,0.03216952543928179,0.03224181212110049,0.012058497189182164,0.024146514605175827,0.012237887386401289,0.014051039303832115,0.005745636087564747,0.004086011643411389,1.3279167327756505e-05,0.01968713154139614,0.031056428923538125,0.0010481779928270096,0.03978819262311967,0.013470070549047737,5.7770325855336e-06,0.032680997296823985,0.01916718199782592,0.016737132210638564,0.036304650876695405,0.01057064280955551,0.007092735754005207,0.007576609428679305,0.009170658046595026,0.0,0.010841992692186178,5.7770325855336e-06,0.0,0.006302625456057513,0.02336123024258977,0.021323908907648112
111,0.3063765321401177,0.782712290246932,0.7509428006405692,0.009482602857926459,1.2720712231642715,0.6810586606508156,9.599974514146568e-06,0.5877872628152482,0.5443141964234235,2.1423631462800453e-05,2.788934815843733,0.8652176357402137,0.04767688391450238,1.0088067871454727,0.28703852846881306,0.016194411524351006,0.6568768370978288,0.3160626065954125,0.0842200192406201,1.1888847903772493,0.4358371053610142,0.04828584996481598,1.609025898384511,0.6040452824475284,0.08807934759856231,1.052828911808428,0.2589981611470676,0.023919767608700633,2.7664442438994494,1.2746406041459923,0.10346369177790186,0.5651249885257109,0.10246282522869163,0.039608532812281785,0.4070334750538618,0.10504552931141246,0.014360894320041563,0.8595496523205738,0.1779663686357648,0.020386664890465967,1.1072472205684938,0.4344328117844216,0.06599502775275858,0.9010874421043945,0.2395082233497886,0.0007244232727673526,1.7843061026338913,0.9236485544835012,0.11762112827024539,1.0607588924924989,0.29792915371920425,0.0637681953918258,0.6978062797346338,0.2969394843006793,0.03219763289957012,0.9170443543120328,0.26379552888346663,0.030270547379626773,1.363466582658833,0.3593163825404592,0.059872142418822535,0.6724292648319927,0.4369960967879639,0.013142018546651967,1.936988679466606,0.44787300127676727,0.057856925360410275,0.3727290969043573,0.08850946865685191,0.010383585886947301,0.6226324022306715,0.17491644192702704,0.01497132497608858,0.32605062917379446,0.19131479602561552,0.0003013416669757979,0.3776399633009506,0.11372839272577732,0.00018461351567394729,0.303091581863543,0.09328722167186218,1.4476920451796003e-05,0.3725244841509003,0.11716353996369105,1.467499272872962e-05,0.27015216583079865,0.08579310411688709,0.006224006327633433,0.526137793537713,0.1450072493763911,7.99663563452019e-06,0.24821840918439997,0.15815173046807784,0.03854638845184609,0.3840429344694114,0.19242598207896267,0.003235023739337093,0.4202984720711421,0.08406775305012569,5.7770325855336e-06,0.16114033637604683,0.0520918772677233,0.004199042716578443,0.14388493358942536,0.040765590491156134,0.0,0.19929342985905962,0.08674648342339374,1.775313566833139e-05
112,0.5834061251689759,0.6984169389950363,0.047085312519819456,0.957835571678832,0.7871798565730797,0.23978261721433372,0.015376776764682626,0.30028660791691464,0.1102753603212359,0.0049845550870155145,2.192768881213805,0.6394470697642829,0.05982906098785442,0.5423052223389404,0.15548413712483916,0.004510787511117577,0.2547369555351056,0.1336457314796959,8.679649486140018e-06,0.8050923695897428,0.1924914148146013,0.02024729820321138,0.8607981387883046,0.26606988889636995,0.0602288942709923,0.3426407513810919,0.07243441833421815,0.04637520975977455,2.221285137377828,0.7865364361967941,0.16432337441525707,0.36875349628332865,0.06416464307388112,0.03871817030829645,0.10623780239553257,0.00931961080749346,0.034534661365785695,0.29565969196262487,0.08924297362785644,0.011817065827542331,0.7068103568138269,0.22267515605239133,0.058865103507578904,0.30101692537378405,0.1259294466950589,0.006269003630921179,1.2391235525119173,0.5646706374421601,0.05280598721337592,0.3488750894592928,0.1534927354508519,0.012036877809713697,0.33691073432616275,0.16816248558676136,0.01675437955913328,0.3194843402547357,0.09881010654862431,0.06492967758545418,0.40693877859707345,0.1618564259275508,0.04941740438416348,0.2919921365737236,0.05741912560946471,0.03409289170792422,1.096336267531624,0.4095406697864379,0.02232538688253305,0.20518676427590243,0.005345776645724982,0.002675138540164241,0.2861582059282949,0.030533561046996224,0.018011575344187132,0.09765177553908694,0.03969207267180751,0.010140972627979495,0.07865796361065872,0.07036460381973436,0.0009750028425409253,0.07456787470378014,0.028613680361978536,3.633059270910318e-05,0.07448861353508077,0.01675190466182548,1.7793962023210907e-05,0.05499242528310992,0.036876376605551334,0.0004612346818865614,0.13404201588411527,0.019635900391096982,0.002876196968358829,0.16183107818497292,0.026249719521850026,0.0,0.08994815851426645,0.013823491377715331,0.001607811124060734,0.08998422540117358,0.015808182022105266,3.8519552992946575e-05,0.03824755827841884,0.01225327466800374,0.0015936028016517285,0.0184125650817339,0.0053604231632045215,0.00010050050156031959,0.08175120626444425,0.00797895090161262,0.010955854532061337
113,0.11188384007970215,0.6701245897591848,0.1053528751034834,0.07466644150750257,2.594695755720959,0.6522252005553835,0.05284287285757428,1.5872421775276568,0.5765427475938841,0.07813523219766597,3.8135968687508526,1.0592396886108177,0.1380788169435466,1.7597380706174406,0.5355762204106275,0.02725337170007013,1.2892202251525184,0.650963574461511,0.02256261303743161,2.1625320088642948,0.8229757392266737,0.080115651431613,2.494591434755571,0.7371626802754758,0.023837236425968272,1.566797003480428,0.6788856913972295,0.0660256121811561,3.7056427831105534,1.163692348630227,0.0747398588769245,1.1025629041780662,0.1335263762769789,0.11062163568228278,0.8832347559199724,0.19681836711723466,0.030324558034580614,1.0226367021229041,0.30942737594620634,0.0005088626499165486,2.0933083553781313,0.7580646280882086,0.07992262211728847,1.888103372434613,0.5991529626741934,0.11841069222412517,2.744637807240374,1.0416677377871033,0.16526663247022158,1.841158005734615,0.7086644155478535,0.06914869471477357,1.1989143971769285,0.5178926983313263,0.00012099748652776665,1.5257242992326763,0.4641517194014476,0.08784606654632184,1.9140285096538343,0.4986625891855919,0.120665902721804,1.3730779133485096,0.45434953071211526,0.10997153306586996,3.4751901744784286,0.7868806902249048,0.1082589413581677,0.8119964136122524,0.27117051471259734,0.017419881888343543,0.7242981357454228,0.196339456484718,0.05668189014619632,0.8809851393114375,0.26932820625081444,0.02038601482807078,0.472410843936927,0.22077448105575587,0.01966218664324453,0.5249839016511942,0.15930417089383886,0.045878859899405953,0.636109184313227,0.2304177463381034,3.55956623889179e-05,0.8533164759043267,0.2704072083092745,0.000914017879204109,0.6841748976914181,0.16518779277456397,1.7841193112419733e-05,0.747053744709528,0.10218740524358262,0.05664034891821221,0.5942078423200594,0.2470101130650991,0.013454761532897413,0.599913454887606,0.257490211523424,0.00184716863360613,0.3940484774413919,0.17689588740553264,3.104932009201354e-05,0.39204337695066116,0.15823848781262517,0.006407851190303204,0.25506941488174895,0.1636614100700998,3.1502167517713674e-05
114,0.794894279108131,0.7914609206815663,1.6241565361935675,1.8821039540147895,0.5802355375969069,0.41289175519592175,0.01563299315323453,0.24816799247042237,0.13399052321412205,0.0,2.517744462888235,1.1177554804063272,0.09869929691426857,0.3960913403978058,0.04073357623400167,0.028545252212549367,0.17559068644489867,0.08655252550535517,0.01084121866818695,0.46334846047369543,0.2055171097533748,0.00333878361844261,0.757013847904174,0.3620053474745774,0.02267755994184157,0.2212767831385232,0.1293370853433863,0.03455234140533335,2.789501852241286,1.2422243734108427,0.17775793727049555,0.12681005914376303,0.12091144178028418,0.0,0.04964510098349274,0.05517291521554531,0.01268673946985131,0.15818603857472438,0.05338620635729634,0.003553815457796363,0.6718001953483366,0.27908574730859825,0.01808689274274397,0.18327134746361662,0.09056472852590455,0.007427318212888767,1.3597724624265135,0.4102974235369739,0.1246140578230595,0.1635616170359154,0.15818923122037218,0.02714078018560026,0.1748603220406862,0.10703077622288505,0.008896109368964338,0.2545673160925245,0.15604396071720242,0.024405866135125097,0.5984293639378864,0.28456378310789543,0.0013472600464694748,0.19136262443879976,0.1791613860279625,0.0,1.1302726166408277,0.5217816158506488,0.10248150164052283,0.1766126988813152,0.05805920495422367,0.004416365953404444,0.17660636997233314,0.057031105398838114,0.004560731848506936,0.06656080432091661,0.04527723156000413,0.0002758145985965423,0.03397735438363593,0.0162012417682285,0.016641562884898094,0.020266941118138232,0.02649086808111608,0.0070633033594063865,0.03337205885689396,0.022422346774403787,0.002724193138289347,0.03619784548286584,0.02784585564179784,0.00021469070825789297,0.04521387027436631,0.03370511258501136,5.7770325855336e-06,0.08230044565724254,0.019285441322084255,0.003163536839397516,0.026556475121682036,0.044184785909714745,0.0,0.08137496896756985,0.014034324095958837,0.006315411103786521,0.02557532250293978,0.014473112673868423,0.01617795281187949,0.02740615620606158,0.013165538293675911,0.011938739116356374,0.02281968119205164,0.0042163530359587125,0.00041132530643778816
115,0.3862657630357307,0.5329944330100386,0.31189939445860054,0.45927234502802805,0.7332327774248026,0.36465804123590473,0.026467103793667755,0.39855067270026884,0.22324028479133995,0.005503132697600072,1.7091891057544906,0.524167769876652,0.09057175440762003,0.3515341693210414,0.21174310914984532,1.9691786672933e-05,0.20589550455657124,0.09664915710290968,0.015801724293236768,0.6444713690647633,0.2223367417183471,0.01324254455422777,0.7181436967232763,0.3538952058510779,0.01954475746218217,0.29954597112448106,0.13358048745490325,0.006734548205812024,1.570951981083547,0.8023040512624433,0.07666172501965324,0.25743836591622227,0.013745322901124322,0.019526321989919198,0.07207314075750586,0.04741207199405018,1.0462723425317745e-05,0.34115681258341957,0.1380941617144887,0.018339267049477533,0.5238855842498171,0.15720803611170484,0.03791300092037991,0.22324548135282052,0.033319254871051494,0.05185565090733694,1.064017832518018,0.445221341181835,0.04724928766271312,0.3377464724349982,0.18097539858574233,0.003713299169223055,0.2603926881554841,0.12988267577539336,0.013237483900757095,0.5249030845704106,0.17122189944618418,0.0012102852129345669,0.5401770170705988,0.10728144999656083,0.01650539489319713,0.15720306538057238,0.03831949271042201,0.014555662165585683,1.1339623197131214,0.2824848661140617,0.007523579305603448,0.12490307020570181,0.0775868373929921,5.7770325855336e-06,0.2405101521581834,0.05425616134024096,0.0,0.12906727770894064,0.09951678878911076,9.926495237942581e-05,0.11577517802997928,0.0804152508684205,0.007975321958062644,0.11573757760271004,0.021619661996834832,0.0,0.08254434390113917,0.016889261691054293,0.004264632090864737,0.05021794405929174,0.027528960716585595,0.0059435069505414445,0.05751517861423716,0.0202012694192753,7.402095396980792e-05,0.07067869040122525,0.04435946064414335,0.006032824335691403,0.06457441234055315,0.027843876776456125,7.304308690383687e-06,0.08417545642105304,0.03960091144843331,2.283056227436745e-05,0.01267020139207369,0.008281149085978524,2.5498240896185716e-05,0.0296246658504159,0.0022170281730935068,0.0,0.04796410823739769,0.04732232781466897,0.022043627739278673
